Workbook
Name Slicer_Delivery_Status: #N/A
Name Slicer_Months__Actual_Delivery_Date: #N/A
Name Slicer_Shipping_Mode: #N/A
Name Slicer_Supplier_Name: #N/A

Sheet Supplier Performance Dashboard

Sheet LeadTime Reliability Dashboard

Sheet Quality and Defect Dashboard

Sheet Procuremt & Invoice Inaccuracy

Sheet Supplier Risk & Segmentation

Sheet Sheet1

Sheet LeadTime Reliability Dashboard3

Sheet Pivot
G1: 8 suppliers with highest rating of 6
A2: KeyMetrics | G2: Abidjan Chemical Supply | H2: Mombasa Electricals | I2: Addis Fabric Works | J2: Sahara Packaging | K2: Nile Textiles Co. | L2: Kano Industrial Traders | M2: Primesteel Limited | N2: Mombasa Electricals | O2: Abidjan Chemical Supply | P2: Primesteel Limited, Kigali Precision Tools, Kentech Components, Lagos Plastics & Resin
A3: Count of Order_ID | B3: Sum of Order_Quantity | C3: Average Supplier Rating | D3: Average of Calculated_Lead_Time_Variance_Days | E3: Average of Defect_Rate | F3: 5 spplier with -1 lowest rating | G3: Primesteel Limited, Kigali Precision Tools, Kentech Components, Lagos Plastics & Resin | O3: Mombasa Electricals
A4: 1000 | B4: 548375 | C4: 2.9623 | D4: 2.069 | E4: 0.0252425 | O4: Addis Fabric Works | S4: whether shipping mode is influencing the delivery
F5: I am interested in knowing the % of supply accepted across supplier and the supplier with least and highest acceptance rate | O5: Sahara Packaging | S5: whether carrier is influencing the delivery
A6: =18195/B4 -> 0.03317985 | B6: 3.32% o total order is defective | J6: Abidjan had the highrest defective rate of 16% | O6: Nile Textiles Co.
O7: Kano Industrial Traders
A8: KeyMetrics2 | E8: 8 suppliers | G8: sahara | H8: cassablanca | J8: Abidjan Chemical Supply | O8: Primesteel Limited
A9: Count of Order_ID | B9: Sum of Order_Quantity | C9: Average Supplier Rating | D9: Min of Supplier_Rating | E9: Max of Supplier_Rating | F9: Average of Calculated_Lead_Time_Variance_Days | G9: Max of Calculated_Lead_Time_Variance_Days | H9: Min of Calculated_Lead_Time_Variance_Days | I9: Average of Defect_Rate | J9: Max of Defect_Rate | K9: Min of Defect_Rate | O9: Mombasa Electricals
A10: 1000 | B10: 548375 | C10: 2.9623 | D10: -1 | E10: 6 | F10: 2.069 | G10: 23 | H10: -16 | I10: 0.0252425 | J10: 0.16 | K10: 0
A13: Analysis of Count of Delivery as per delivery Status by Supplier - It is better to use Quantity rather than count | J13: vstack / xlookup
A14: Count of Delivery_Status | B14: Delivery_Status
A15: Supplier_Name | B15: Delivered Early | C15: On Time | D15: Delayed | E15: Late | F15: Very Late | G15: Severely Delayed | H15: Invalid Lead Time | I15: Grand Total | J15: Delivered Early | K15: On-Tme Deliver Rate | L15: Supplier_Name | M15: On-Tme Deliver Rate
A16: Dar | B16: 5 | C16: 22 | D16: 3 | E16: 14 | F16: 5 | G16: 6 | I16: 55 | J16: =IFERROR($B16/$I16,"") -> 0.090909091 | K16: =IFERROR($C16/$I16,"") -> 0.4 | L16: Dar Machinery Parts | M16: =J16+K16 -> 0.49090909
A17: Mombasa | B17: 10 | C17: 16 | D17: 4 | E17: 14 | F17: 9 | G17: 14 | I17: 67 | J17: =IFERROR($B17/$I17,"") -> 0.14925373 | K17: =IFERROR($C17/$I17,"") -> 0.23880597 | L17: Nile Textiles Co. | M17: =J17+K17 -> 0.3880597
A18: Kano | B18: 4 | C18: 16 | D18: 5 | E18: 25 | F18: 3 | G18: 8 | H18: 3 | I18: 64 | J18: =IFERROR($B18/$I18,"") -> 0.0625 | K18: =IFERROR($C18/$I18,"") -> 0.25 | L18: Kentech Components | M18: =J18+K18 -> 0.3125
A19: Kampala | B19: 8 | C19: 18 | D19: 4 | E19: 27 | F19: 10 | G19: 8 | H19: 2 | I19: 77 | J19: =IFERROR($B19/$I19,"") -> 0.1038961 | K19: =IFERROR($C19/$I19,"") -> 0.23376623 | L19: Abidjan Chemical Supply | M19: =J19+K19 -> 0.33766234
A20: Kigali | B20: 7 | C20: 17 | D20: 2 | E20: 22 | F20: 15 | G20: 9 | I20: 72 | J20: =IFERROR($B20/$I20,"") -> 0.097222222 | K20: =IFERROR($C20/$I20,"") -> 0.23611111 | L20: Addis Fabric Works | M20: =J20+K20 -> 0.33333333
A21: Nile | B21: 4 | C21: 23 | D21: 4 | E21: 12 | F21: 8 | G21: 10 | I21: 61 | J21: =IFERROR($B21/$I21,"") -> 0.06557377 | K21: =IFERROR($C21/$I21,"") -> 0.37704918 | L21: Cape Logistics Supplies | M21: =J21+K21 -> 0.44262295
A22: Kentech | B22: 5 | C22: 25 | D22: 6 | E22: 20 | F22: 9 | G22: 11 | I22: 76 | J22: =IFERROR($B22/$I22,"") -> 0.065789474 | K22: =IFERROR($C22/$I22,"") -> 0.32894737 | L22: Sahara Packaging | M22: =J22+K22 -> 0.39473684
A23: Cape | B23: 7 | C23: 18 | D23: 5 | E23: 17 | F23: 10 | G23: 8 | I23: 65 | J23: =IFERROR($B23/$I23,"") -> 0.10769231 | K23: =IFERROR($C23/$I23,"") -> 0.27692308 | L23: Kano Industrial Traders | M23: =J23+K23 -> 0.38461538
A24: Casablanca | B24: 7 | C24: 10 | D24: 6 | E24: 17 | F24: 6 | G24: 7 | I24: 53 | J24: =IFERROR($B24/$I24,"") -> 0.13207547 | K24: =IFERROR($C24/$I24,"") -> 0.18867925 | L24: Accra Agro Inputs | M24: =J24+K24 -> 0.32075472
A25: Sahara | B25: 8 | C25: 20 | D25: 4 | E25: 25 | F25: 5 | G25: 12 | H25: 4 | I25: 78 | J25: =IFERROR($B25/$I25,"") -> 0.1025641 | K25: =IFERROR($C25/$I25,"") -> 0.25641026 | L25: Mombasa Electricals | M25: =J25+K25 -> 0.35897436
A26: Primesteel | B26: 7 | C26: 11 | D26: 7 | E26: 16 | F26: 6 | G26: 11 | H26: 1 | I26: 59 | J26: =IFERROR($B26/$I26,"") -> 0.11864407 | K26: =IFERROR($C26/$I26,"") -> 0.18644068 | L26: Kigali Precision Tools | M26: =J26+K26 -> 0.30508475
A27: AccraAI | B27: 6 | C27: 17 | D27: 2 | E27: 22 | F27: 9 | G27: 12 | H27: 1 | I27: 69 | J27: =IFERROR($B27/$I27,"") -> 0.086956522 | K27: =IFERROR($C27/$I27,"") -> 0.24637681 | L27: Kampala Packaging Hub | M27: =J27+K27 -> 0.33333333
A28: LagosPR | B28: 11 | C28: 15 | D28: 8 | E28: 13 | F28: 5 | G28: 12 | H28: 3 | I28: 67 | J28: =IFERROR($B28/$I28,"") -> 0.1641791 | K28: =IFERROR($C28/$I28,"") -> 0.2238806 | L28: Lagos Plastics & Resin | M28: =J28+K28 -> 0.3880597
A29: AddisFW | B29: 7 | C29: 21 | D29: 3 | E29: 20 | F29: 9 | G29: 14 | I29: 74 | J29: =IFERROR($B29/$I29,"") -> 0.094594595 | K29: =IFERROR($C29/$I29,"") -> 0.28378378 | L29: Casablanca Components | M29: =J29+K29 -> 0.37837838
A30: AbidjanCS | B30: 8 | C30: 19 | D30: 4 | E30: 14 | F30: 11 | G30: 7 | I30: 63 | J30: =IFERROR($B30/$I30,"") -> 0.12698413 | K30: =IFERROR($C30/$I30,"") -> 0.3015873 | L30: Primesteel Limited | M30: =J30+K30 -> 0.42857143
A31: Grand Total | B31: 104 | C31: 268 | D31: 67 | E31: 278 | F31: 120 | G31: 149 | H31: 14 | I31: 1000 | J31: =AVERAGE(J16:J30) -> 0.10458898 | K31: =AVERAGE(K16:K30) -> 0.26858411
A35: DeliveryStatusbyCarrier
A37: Count of Delivery_Status | B37: Delivery_Status
A38: Carrier | B38: Delivered Early | C38: On Time | D38: Delayed | E38: Late | F38: Very Late | G38: Severely Delayed | H38: Invalid Lead Time | I38: Grand Total
A39: Bollore Logistics | B39: 20 | C39: 34 | D39: 11 | E39: 33 | F39: 15 | G39: 18 | H39: 5 | I39: 136
A40: DHL | B40: 20 | C40: 45 | D40: 8 | E40: 42 | F40: 10 | G40: 15 | H40: 2 | I40: 142
A41: GIG Logistics | B41: 11 | C41: 34 | D41: 7 | E41: 30 | F41: 19 | G41: 17 | H41: 2 | I41: 120
A42: Kuehne+Nagel | B42: 6 | C42: 21 | D42: 15 | E42: 23 | F42: 11 | G42: 21 | I42: 97
A43: Local Truck Partner | B43: 14 | C43: 28 | D43: 4 | E43: 38 | F43: 16 | G43: 18 | H43: 2 | I43: 120
A44: Maersk | B44: 5 | C44: 40 | D44: 9 | E44: 31 | F44: 25 | G44: 23 | I44: 133
A45: No Carrier Listed | B45: 28 | C45: 66 | D45: 13 | E45: 81 | F45: 24 | G45: 37 | H45: 3 | I45: 252
A46: Grand Total | B46: 104 | C46: 268 | D46: 67 | E46: 278 | F46: 120 | G46: 149 | H46: 14 | I46: 1000
A49: DefectRatebyCarrier
C50: The average defect rate of all the carrier is below 3% with Bollore logistics having the minimum of 2.31% , while Kuehne+Nagel had the maximum of 2.81%
A51: Carrier | B51: Average of Defect_Rate
A52: Bollore Logistics | B52: 0.023103676 | D52: Maersk had the highest % of defect of total supplies of 5.21% which amounts to 21.23% of total defects recorded
A53: DHL | B53: 0.026909155 | D53: Bollore Logistics had the lowest % of defect of total supplies of 2.27% which amounts to 10.06% of total defects recorded. GIG Logistics on the other had the least contribution to % of total defective units
A54: GIG Logistics | B54: 0.027305
A55: Kuehne+Nagel | B55: 0.028075258
A56: Local Truck Partner | B56: 0.023894167
A57: Maersk | B57: 0.026454887
A58: No Carrier Listed | B58: 0.023387302
A59: Grand Total | B59: 0.0252425
A61: DefectiveUnitsbyCarrieras%ofTotal
A62: Carrier | B62: Sum of Defective_Units | C62: Sum of Order_Quantity | D62: Percent of Defect on Order by Location | E62: % of Total Defective_Units
A63: Bollore Logistics | B63: 1831 | C63: 80725 | D63: 0.022681945 | E63: 0.10063204 | F63: =B63/C63 -> 0.022681945 | G63: =B63/B70 -> 0.10063204
A64: DHL | B64: 2805 | C64: 71500 | D64: 0.039230769 | E64: 0.15416323 | F64: =B64/C64 -> 0.039230769
A65: GIG Logistics | B65: 1399 | C65: 57275 | D65: 0.024426015 | E65: 0.076889255 | F65: =B65/C65 -> 0.024426015
A66: Kuehne+Nagel | B66: 2825 | C66: 62100 | D66: 0.045491143 | E66: 0.15526243 | F66: =B66/C66 -> 0.045491143
A67: Local Truck Partner | B67: 1669 | C67: 67175 | D67: 0.024845553 | E67: 0.091728497 | F67: =B67/C67 -> 0.024845553
A68: Maersk | B68: 3862 | C68: 74125 | D68: 0.05210118 | E68: 0.21225611 | F68: =B68/C68 -> 0.05210118
A69: No Carrier Listed | B69: 3804 | C69: 135475 | D69: 0.028078981 | E69: 0.20906843 | F69: =B69/C69 -> 0.028078981
A70: Grand Total | B70: 18195 | C70: 548375 | D70: 0.03317985 | E70: 1 | F70: =B70/C70 -> 0.03317985
A74: DeliveryStatusbyShppingMode
A75: Count of Delivery_Status | B75: Delivery_Status
A76: Shipping_Mode | B76: Delivered Early | C76: On Time | D76: Delayed | E76: Late | F76: Very Late | G76: Severely Delayed | H76: Invalid Lead Time | I76: Grand Total
A77: Air | B77: 19 | C77: 28 | D77: 9 | E77: 41 | F77: 11 | G77: 21 | H77: 1 | I77: 130
A78: Courier | B78: 16 | C78: 42 | D78: 4 | E78: 36 | F78: 17 | G78: 24 | H78: 2 | I78: 141
A79: Not Stated | B79: 6 | C79: 35 | D79: 8 | E79: 40 | F79: 17 | G79: 18 | H79: 2 | I79: 126
A80: Rail | B80: 9 | C80: 35 | D80: 8 | E80: 44 | F80: 17 | G80: 19 | H80: 1 | I80: 133
A81: Road | B81: 28 | C81: 66 | D81: 19 | E81: 55 | F81: 30 | G81: 33 | H81: 4 | I81: 235
A82: Sea | B82: 26 | C82: 62 | D82: 19 | E82: 62 | F82: 28 | G82: 34 | H82: 4 | I82: 235
A83: Grand Total | B83: 104 | C83: 268 | D83: 67 | E83: 278 | F83: 120 | G83: 149 | H83: 14 | I83: 1000
A87: DefectRatebyShippingMode
A88: Shipping_Mode | B88: Average of Defect_Rate
A89: Air | B89: 0.024852308
A90: Courier | B90: 0.024758865
A91: Not Stated | B91: 0.024246032
A92: Rail | B92: 0.025393233
A93: Road | B93: 0.025639149
A94: Sea | B94: 0.025800851
A95: Grand Total | B95: 0.0252425
D97: Sea had the highest % of defect of total supplies of 4.02% which amounts to 22.68% of total defects recorded
D98: Courier had the lowest % of defect of total supplies of 2.73% which amounts to 11.76% of total defects recorded.
A100: Defectas%ofTotalShippingMode
A101: Shipping_Mode | B101: Sum of Defective_Units | C101: Sum of Order_Quantity | D101: Percent of Defect on Order by Location | E101: Percent of Defect of Total
A102: Air | B102: 2164 | C102: 67925 | D102: 0.031858668 | E102: 0.12386597 | F102: =B102/C102 -> 0.031858668 | G102: =B$102/B$108 -> 0.11893377
A103: Courier | B103: 1760 | C103: 64500 | D103: 0.027286822 | E103: 0.11762024 | F103: =B103/C103 -> 0.027286822 | G103: =B$103/B$108 -> 0.096729871
A104: Not Stated | B104: 1647 | C104: 69725 | D104: 0.02362137 | E104: 0.12714839 | F104: =B104/C104 -> 0.02362137 | G104: =B$104/B$108 -> 0.090519373
A105: Rail | B105: 2846 | C105: 80025 | D105: 0.035563886 | E105: 0.14593116 | F105: =B105/C105 -> 0.035563886 | G105: =B$105/B$108 -> 0.1564166
A106: Road | B106: 4773 | C106: 141850 | D106: 0.03364822 | E106: 0.25867335 | F106: =B106/C106 -> 0.03364822 | G106: =B$106/B$108 -> 0.26232481
A107: Sea | B107: 5005 | C107: 124350 | D107: 0.040249296 | E107: 0.22676088 | F107: =B107/C107 -> 0.040249296 | G107: =B$107/B$108 -> 0.27507557
A108: Grand Total | B108: 18195 | C108: 548375 | D108: 0.03317985 | E108: 1 | F108: =B108/C108 -> 0.03317985 | G108: =B$108/B$108 -> 1
A114: Count of Delivery_Status | B114: Delivery_Status
A115: Buyer_Location | B115: Delayed | C115: Delivered Early | D115: Invalid Lead Time | E115: Late | F115: On Time | G115: Very Late | H115: Severely Delayed | I115: Grand Total
A116: Abuja Plant | B116: 5 | C116: 12 | D116: 1 | E116: 30 | F116: 28 | G116: 12 | H116: 19 | I116: 107
A117: Accra Hub | B117: 7 | C117: 11 | D117: 2 | E117: 28 | F117: 20 | G117: 18 | H117: 22 | I117: 108
A118: Cape Town Plant | B118: 8 | C118: 6 | D118: 4 | E118: 38 | F118: 29 | G118: 13 | H118: 11 | I118: 109
A119: Dar es Salaam Port | B119: 7 | C119: 17 | E119: 32 | F119: 39 | G119: 14 | H119: 19 | I119: 128
A120: Kampala Warehouse | B120: 7 | C120: 8 | E120: 36 | F120: 36 | G120: 16 | H120: 23 | I120: 126
A121: Kigali Assembly | B121: 13 | C121: 15 | D121: 2 | E121: 28 | F121: 27 | G121: 15 | H121: 13 | I121: 113
A122: Lagos DC | B122: 5 | C122: 14 | D122: 2 | E122: 38 | F122: 27 | G122: 11 | H122: 10 | I122: 107
...

Sheet Pivot Table Analysis
A2: KeyMetrics
A3: Count of Order_ID | B3: Sum of Order_Quantity | C3: Average Supplier Rating | D3: Average of Calculated_Lead_Time_Variance_Days | E3: Average of Defect_Rate | F3: 5 suppliers that had-1 lowest rating | G3: Primesteel Limited, Kigali Precision Tools, Kentech Components, Lagos Plastics & Resin
A4: 1000 | B4: 548375 | C4: 2.9623 | D4: 2.069 | E4: 0.0252425
A6: =18195/B4 -> 0.03317985 | B6: 3.32% o total order is defective | J6: Abidjan had the highrest defective rate of 16%
A8: KeyMetrics2 | E8: 8 suppliers | G8: sahara | H8: cassablanca | J8: Abidjan Chemical Supply
A9: Count of Order_ID | B9: Sum of Order_Quantity | C9: Average Supplier Rating | D9: Min of Supplier_Rating | E9: Max of Supplier_Rating | F9: Average of Calculated_Lead_Time_Variance_Days | G9: Max of Calculated_Lead_Time_Variance_Days | H9: Min of Calculated_Lead_Time_Variance_Days | I9: Average of Defect_Rate | J9: Max of Defect_Rate | K9: Min of Defect_Rate
A10: 1000 | B10: 548375 | C10: 2.9623 | D10: -1 | E10: 6 | F10: 2.069 | G10: 23 | H10: -16 | I10: 0.0252425 | J10: 0.16 | K10: 0
A13: Analysis of Count of Delivery as per delivery Status by Supplier - It is better to use Quantity rather than count
A14: Count of Delivery_Status | B14: Delivery_Status
A15: Supplier_Name | B15: Delivered Early | C15: On Time | D15: Delayed | E15: Late | F15: Very Late | G15: Severely Delayed | H15: Invalid Lead Time | I15: Grand Total | J15: Delivered Early | K15: On-Tme Deliver Rate | L15: Supplier_Name | M15: On-Tme Deliver Rate
A16: Dar | B16: 5 | C16: 22 | D16: 3 | E16: 14 | F16: 5 | G16: 6 | I16: 55 | J16: =$B16/$I16 -> 0.090909091 | K16: =$C16/$I16 -> 0.4 | L16: Dar Machinery Parts | M16: =J16+K16 -> 0.49090909
A17: Mombasa | B17: 10 | C17: 16 | D17: 4 | E17: 14 | F17: 9 | G17: 14 | I17: 67 | J17: =$B17/$I17 -> 0.14925373 | K17: =$C17/$I17 -> 0.23880597 | L17: Nile Textiles Co. | M17: =J17+K17 -> 0.3880597
A18: Kano | B18: 4 | C18: 16 | D18: 5 | E18: 25 | F18: 3 | G18: 8 | H18: 3 | I18: 64 | J18: =$B18/$I18 -> 0.0625 | K18: =$C18/$I18 -> 0.25 | L18: Kentech Components | M18: =J18+K18 -> 0.3125
A19: Kampala | B19: 8 | C19: 18 | D19: 4 | E19: 27 | F19: 10 | G19: 8 | H19: 2 | I19: 77 | J19: =$B19/$I19 -> 0.1038961 | K19: =$C19/$I19 -> 0.23376623 | L19: Abidjan Chemical Supply | M19: =J19+K19 -> 0.33766234
A20: Kigali | B20: 7 | C20: 17 | D20: 2 | E20: 22 | F20: 15 | G20: 9 | I20: 72 | J20: =$B20/$I20 -> 0.097222222 | K20: =$C20/$I20 -> 0.23611111 | L20: Addis Fabric Works | M20: =J20+K20 -> 0.33333333
A21: Nile | B21: 4 | C21: 23 | D21: 4 | E21: 12 | F21: 8 | G21: 10 | I21: 61 | J21: =$B21/$I21 -> 0.06557377 | K21: =$C21/$I21 -> 0.37704918 | L21: Cape Logistics Supplies | M21: =J21+K21 -> 0.44262295
A22: Kentech | B22: 5 | C22: 25 | D22: 6 | E22: 20 | F22: 9 | G22: 11 | I22: 76 | J22: =$B22/$I22 -> 0.065789474 | K22: =$C22/$I22 -> 0.32894737 | L22: Sahara Packaging | M22: =J22+K22 -> 0.39473684
A23: Cape | B23: 7 | C23: 18 | D23: 5 | E23: 17 | F23: 10 | G23: 8 | I23: 65 | J23: =$B23/$I23 -> 0.10769231 | K23: =$C23/$I23 -> 0.27692308 | L23: Kano Industrial Traders | M23: =J23+K23 -> 0.38461538
A24: Casablanca | B24: 7 | C24: 10 | D24: 6 | E24: 17 | F24: 6 | G24: 7 | I24: 53 | J24: =$B24/$I24 -> 0.13207547 | K24: =$C24/$I24 -> 0.18867925 | L24: Accra Agro Inputs | M24: =J24+K24 -> 0.32075472
A25: Sahara | B25: 8 | C25: 20 | D25: 4 | E25: 25 | F25: 5 | G25: 12 | H25: 4 | I25: 78 | J25: =$B25/$I25 -> 0.1025641 | K25: =$C25/$I25 -> 0.25641026 | L25: Mombasa Electricals | M25: =J25+K25 -> 0.35897436
A26: Primesteel | B26: 7 | C26: 11 | D26: 7 | E26: 16 | F26: 6 | G26: 11 | H26: 1 | I26: 59 | J26: =$B26/$I26 -> 0.11864407 | K26: =$C26/$I26 -> 0.18644068 | L26: Kigali Precision Tools | M26: =J26+K26 -> 0.30508475
A27: AccraAI | B27: 6 | C27: 17 | D27: 2 | E27: 22 | F27: 9 | G27: 12 | H27: 1 | I27: 69 | J27: =$B27/$I27 -> 0.086956522 | K27: =$C27/$I27 -> 0.24637681 | L27: Kampala Packaging Hub | M27: =J27+K27 -> 0.33333333
A28: LagosPR | B28: 11 | C28: 15 | D28: 8 | E28: 13 | F28: 5 | G28: 12 | H28: 3 | I28: 67 | J28: =$B28/$I28 -> 0.1641791 | K28: =$C28/$I28 -> 0.2238806 | L28: Lagos Plastics & Resin | M28: =J28+K28 -> 0.3880597
A29: AddisFW | B29: 7 | C29: 21 | D29: 3 | E29: 20 | F29: 9 | G29: 14 | I29: 74 | J29: =$B29/$I29 -> 0.094594595 | K29: =$C29/$I29 -> 0.28378378 | L29: Casablanca Components | M29: =J29+K29 -> 0.37837838
A30: AbidjanCS | B30: 8 | C30: 19 | D30: 4 | E30: 14 | F30: 11 | G30: 7 | I30: 63 | J30: =$B30/$I30 -> 0.12698413 | K30: =$C30/$I30 -> 0.3015873 | L30: Primesteel Limited | M30: =J30+K30 -> 0.42857143
A31: Grand Total | B31: 104 | C31: 268 | D31: 67 | E31: 278 | F31: 120 | G31: 149 | H31: 14 | I31: 1000 | J31: =$B31/$I31 -> 0.104 | K31: =$C31/$I31 -> 0.268
A35: DeliveryStatusbyCarrier
A37: Count of Delivery_Status | B37: Delivery_Status
A38: Carrier | B38: Delivered Early | C38: On Time | D38: Delayed | E38: Late | F38: Very Late | G38: Severely Delayed | H38: Invalid Lead Time | I38: Grand Total
A39: Bollore Logistics | B39: 20 | C39: 34 | D39: 11 | E39: 33 | F39: 15 | G39: 18 | H39: 5 | I39: 136
A40: DHL | B40: 20 | C40: 45 | D40: 8 | E40: 42 | F40: 10 | G40: 15 | H40: 2 | I40: 142
A41: GIG Logistics | B41: 11 | C41: 34 | D41: 7 | E41: 30 | F41: 19 | G41: 17 | H41: 2 | I41: 120
A42: Kuehne+Nagel | B42: 6 | C42: 21 | D42: 15 | E42: 23 | F42: 11 | G42: 21 | I42: 97
A43: Local Truck Partner | B43: 14 | C43: 28 | D43: 4 | E43: 38 | F43: 16 | G43: 18 | H43: 2 | I43: 120
A44: Maersk | B44: 5 | C44: 40 | D44: 9 | E44: 31 | F44: 25 | G44: 23 | I44: 133
A45: No Carrier Listed | B45: 28 | C45: 66 | D45: 13 | E45: 81 | F45: 24 | G45: 37 | H45: 3 | I45: 252
A46: Grand Total | B46: 104 | C46: 268 | D46: 67 | E46: 278 | F46: 120 | G46: 149 | H46: 14 | I46: 1000
A49: DefectRatebyCarrier
A50: The average defect rate of all the carrier is below 3% with Bollore logistics having the minimum of 2.31% , while Kuehne+Nagel had the maximum of 2.81%
A51: Carrier | B51: Average of Defect_Rate
A52: Bollore Logistics | B52: 0.023103676 | D52: Maersk had the highest % of defect of total supplies of 5.21% which amounts to 21.23% of total defects recorded
A53: DHL | B53: 0.026909155 | D53: Bollore Logistics had the lowest % of defect of total supplies of 2.27% which amounts to 10.06% of total defects recorded. GIG Logistics on the other had the least contribution to % of total defective units
A54: GIG Logistics | B54: 0.027305
A55: Kuehne+Nagel | B55: 0.028075258
A56: Local Truck Partner | B56: 0.023894167
A57: Maersk | B57: 0.026454887
A58: No Carrier Listed | B58: 0.023387302
A59: Grand Total | B59: 0.0252425
A61: DefectiveUnitsbyCarrieras%ofTotal
A62: Carrier | B62: Sum of Defective_Units | C62: Sum of Order_Quantity | D62: % of Defect on Supplies | E62: % of Total Defective_Units | J62: =A62 -> Carrier | K62: =D62 -> % of Defect on Supplies | L62: =E62 -> % of Total Defective_Units
A63: Bollore Logistics | B63: 1831 | C63: 80725 | D63: 0.022681945 | E63: 0.10063204 | F63: =B63/C63 -> 0.022681945 | G63: =B63/B70 -> 0.10063204 | J63: =A63 -> Bollore Logistics | K63: =D63 -> 0.022681945 | L63: =E63 -> 0.10063204
A64: DHL | B64: 2805 | C64: 71500 | D64: 0.039230769 | E64: 0.15416323 | F64: =B64/C64 -> 0.039230769 | J64: =A64 -> DHL | K64: =D64 -> 0.039230769 | L64: =E64 -> 0.15416323
A65: GIG Logistics | B65: 1399 | C65: 57275 | D65: 0.024426015 | E65: 0.076889255 | F65: =B65/C65 -> 0.024426015 | J65: =A65 -> GIG Logistics | K65: =D65 -> 0.024426015 | L65: =E65 -> 0.076889255
A66: Kuehne+Nagel | B66: 2825 | C66: 62100 | D66: 0.045491143 | E66: 0.15526243 | F66: =B66/C66 -> 0.045491143 | J66: =A66 -> Kuehne+Nagel | K66: =D66 -> 0.045491143 | L66: =E66 -> 0.15526243
A67: Local Truck Partner | B67: 1669 | C67: 67175 | D67: 0.024845553 | E67: 0.091728497 | F67: =B67/C67 -> 0.024845553 | J67: =A67 -> Local Truck Partner | K67: =D67 -> 0.024845553 | L67: =E67 -> 0.091728497
A68: Maersk | B68: 3862 | C68: 74125 | D68: 0.05210118 | E68: 0.21225611 | F68: =B68/C68 -> 0.05210118 | J68: =A68 -> Maersk | K68: =D68 -> 0.05210118 | L68: =E68 -> 0.21225611
A69: No Carrier Listed | B69: 3804 | C69: 135475 | D69: 0.028078981 | E69: 0.20906843 | F69: =B69/C69 -> 0.028078981 | J69: =A69 -> No Carrier Listed | K69: =D69 -> 0.028078981 | L69: =E69 -> 0.20906843
A70: Grand Total | B70: 18195 | C70: 548375 | D70: 0.03317985 | E70: 1 | F70: =B70/C70 -> 0.03317985
A74: DeliveryStatusbyShppingMode
A75: Count of Delivery_Status | B75: Delivery_Status
A76: Shipping_Mode | B76: Delivered Early | C76: On Time | D76: Delayed | E76: Late | F76: Very Late | G76: Severely Delayed | H76: Invalid Lead Time | I76: Grand Total
A77: Air | B77: 19 | C77: 28 | D77: 9 | E77: 41 | F77: 11 | G77: 21 | H77: 1 | I77: 130
A78: Courier | B78: 16 | C78: 42 | D78: 4 | E78: 36 | F78: 17 | G78: 24 | H78: 2 | I78: 141
A79: Not Stated | B79: 6 | C79: 35 | D79: 8 | E79: 40 | F79: 17 | G79: 18 | H79: 2 | I79: 126
A80: Rail | B80: 9 | C80: 35 | D80: 8 | E80: 44 | F80: 17 | G80: 19 | H80: 1 | I80: 133
A81: Road | B81: 28 | C81: 66 | D81: 19 | E81: 55 | F81: 30 | G81: 33 | H81: 4 | I81: 235
A82: Sea | B82: 26 | C82: 62 | D82: 19 | E82: 62 | F82: 28 | G82: 34 | H82: 4 | I82: 235
A83: Grand Total | B83: 104 | C83: 268 | D83: 67 | E83: 278 | F83: 120 | G83: 149 | H83: 14 | I83: 1000
A87: DefectRatebyShippingMode
A88: Shipping_Mode | B88: Average of Defect_Rate
A89: Air | B89: 0.024852308
A90: Courier | B90: 0.024758865
A91: Not Stated | B91: 0.024246032
A92: Rail | B92: 0.025393233
A93: Road | B93: 0.025639149
A94: Sea | B94: 0.025800851
A95: Grand Total | B95: 0.0252425
D97: Sea had the highest % of defect of total supplies of 4.02% which amounts to 22.68% of total defects recorded
D98: Courier had the lowest % of defect of total supplies of 2.73% which amounts to 11.76% of total defects recorded.
A100: Defectas%ofTotalShippingMode
A101: Shipping_Mode | B101: Sum of Defective_Units | C101: Sum of Order_Quantity | D101: Percent of Defect on Order by Location | E101: Percent of Defect of Total
A102: Air | B102: 2164 | C102: 67925 | D102: 0.031858668 | E102: 0.12386597 | F102: =B102/C102 -> 0.031858668 | G102: =B$102/B$108 -> 0.11893377
A103: Courier | B103: 1760 | C103: 64500 | D103: 0.027286822 | E103: 0.11762024 | F103: =B103/C103 -> 0.027286822 | G103: =B$103/B$108 -> 0.096729871
A104: Not Stated | B104: 1647 | C104: 69725 | D104: 0.02362137 | E104: 0.12714839 | F104: =B104/C104 -> 0.02362137 | G104: =B$104/B$108 -> 0.090519373
A105: Rail | B105: 2846 | C105: 80025 | D105: 0.035563886 | E105: 0.14593116 | F105: =B105/C105 -> 0.035563886 | G105: =B$105/B$108 -> 0.1564166
A106: Road | B106: 4773 | C106: 141850 | D106: 0.03364822 | E106: 0.25867335 | F106: =B106/C106 -> 0.03364822 | G106: =B$106/B$108 -> 0.26232481
A107: Sea | B107: 5005 | C107: 124350 | D107: 0.040249296 | E107: 0.22676088 | F107: =B107/C107 -> 0.040249296 | G107: =B$107/B$108 -> 0.27507557
A108: Grand Total | B108: 18195 | C108: 548375 | D108: 0.03317985 | E108: 1 | F108: =B108/C108 -> 0.03317985 | G108: =B$108/B$108 -> 1
A114: Count of Delivery_Status | B114: Delivery_Status
A115: Buyer_Location | B115: Delayed | C115: Delivered Early | D115: Invalid Lead Time | E115: Late | F115: On Time | G115: Very Late | H115: Severely Delayed | I115: Grand Total
A116: Abuja Plant | B116: 5 | C116: 12 | D116: 1 | E116: 30 | F116: 28 | G116: 12 | H116: 19 | I116: 107
A117: Accra Hub | B117: 7 | C117: 11 | D117: 2 | E117: 28 | F117: 20 | G117: 18 | H117: 22 | I117: 108
A118: Cape Town Plant | B118: 8 | C118: 6 | D118: 4 | E118: 38 | F118: 29 | G118: 13 | H118: 11 | I118: 109
A119: Dar es Salaam Port | B119: 7 | C119: 17 | E119: 32 | F119: 39 | G119: 14 | H119: 19 | I119: 128
A120: Kampala Warehouse | B120: 7 | C120: 8 | E120: 36 | F120: 36 | G120: 16 | H120: 23 | I120: 126
A121: Kigali Assembly | B121: 13 | C121: 15 | D121: 2 | E121: 28 | F121: 27 | G121: 15 | H121: 13 | I121: 113
A122: Lagos DC | B122: 5 | C122: 14 | D122: 2 | E122: 38 | F122: 27 | G122: 11 | H122: 10 | I122: 107
A123: Nairobi DC | B123: 9 | C123: 9 | D123: 3 | E123: 25 | F123: 32 | G123: 12 | H123: 13 | I123: 103
A124: Port Harcourt Warehouse | B124: 6 | C124: 12 | E124: 23 | F124: 30 | G124: 9 | H124: 19 | I124: 99
A125: Grand Total | B125: 67 | C125: 104 | D125: 14 | E125: 278 | F125: 268 | G125: 120 | H125: 149 | I125: 1000
...

Sheet Cleaned_Data
A1: PO_ID | B1: Order_ID | C1: Order Date | D1: Expected Delivery_Date | E1: Actual_Delivery_Date | F1: Supplier_ID | G1: Supplier_Name | H1: Supplier_Country | I1: Buyer_Location | J1: Product_Category | K1: SKU | L1: Item_Description | M1: Unit_Cost | N1: Currency | O1: Dollar Equivalent | P1: Unit_Cost in $ | Q1: Order_Quantity | R1: Ordered_Value | S1: Calculated_Order_Value | T1: Ordered_Value in $ | U1: Defective_Units | V1: Defect_Rate | W1: Lead_Time_Days | X1: Calculated_Lead_Time2 | Y1: Promised_Lead_Time_Days | Z1: Calculated_Expected_Lead_Time | AA1: Calculated_Lead_Time_Variance_Days | AB1: Lead_Time_Variance_Days | AC1: Delivery_Status | AD1: Quality_Status | AE1: Invoice_Status | AF1: Payment_Terms | AG1: Shipping_Mode | AH1: Carrier | AI1: Incoterm | AJ1: Rejection_Reason | AK1: Supplier_Rating | AL1: Data_Source | AM1: Data_Quality_Notes
A2: PO-2026-00001 | B2: ORD-585176 | C2: 46081 | D2: 46101 | E2: 46111 | F2: SUP-007 | G2: Dar | H2: Tanzania | I2: Lagos DC | J2: Machinery Parts | K2: SKU-MAC-466 | L2: Hydraulic Hose | M2: 353.52 | N2: KES | O2: =_xlfn.XLOOKUP(Supplier_Perf_Table[[#This Row],[Currency]],'Comments 2'!$C$4:$C$16,'Comments 2'!$D$4:$D$16) -> 0.0077 | P2: =IFERROR(Supplier_Perf_Table[[#This Row],[Unit_Cost]]*Supplier_Perf_Table[[#This Row],[Dollar Equivalent]],"") -> 2.722104 | Q2: 1500 | R2: 530280 | S2: =Supplier_Perf_Table[[#This Row],[Unit_Cost]]*Supplier_Perf_Table[[#This Row],[Order_Quantity]] -> 530280 | T2: =IFERROR(Supplier_Perf_Table[[#This Row],[Dollar Equivalent]]*Supplier_Perf_Table[[#This Row],[Ordered_Value]],"") -> 4083.156 | U2: 41 | V2: 0.0273 | X2: =IFERROR(Supplier_Perf_Table[[#This Row],[Actual_Delivery_Date]]-Supplier_Perf_Table[[#This Row],[Order Date]],"") -> 30 | Y2: 20 | Z2: =IFERROR(Supplier_Perf_Table[[#This Row],[Expected Delivery_Date]]-Supplier_Perf_Table[[#This Row],[Order Date]],"") -> 20 | AA2: =Supplier_Perf_Table[[#This Row],[Calculated_Lead_Time2]]-Supplier_Perf_Table[[#This Row],[Calculated_Expected_Lead_Time]] -> 10 | AB2: 10 | AC2: Severely Delayed | AD2: Accepted | AE2: Pending | AF2: Net 45 | AG2: Sea | AH2: No Carrier Listed | AI2: DDP | AJ2: N/A | AK2: 2.2 | AL2: Supplier Portal | AM2: Late delivery
A3: PO-2026-00001 | B3: ORD-317662 | C3: 46066 | D3: 46079 | E3: 46082 | F3: SUP-009 | G3: Mombasa | H3: Kenya | I3: Kampala Warehouse | J3: Electronics | K3: SKU-ELE-426 | L3: Power Adapter | M3: 24.24 | N3: ZAR | O3: =_xlfn.XLOOKUP(Supplier_Perf_Table[[#This Row],[Currency]],'Comments 2'!$C$4:$C$16,'Comments 2'!$D$4:$D$16) -> 0.061 | P3: =IFERROR(Supplier_Perf_Table[[#This Row],[Unit_Cost]]*Supplier_Perf_Table[[#This Row],[Dollar Equivalent]],"") -> 1.47864 | Q3: 100 | R3: 2424 | S3: =Supplier_Perf_Table[[#This Row],[Unit_Cost]]*Supplier_Perf_Table[[#This Row],[Order_Quantity]] -> 2424 | T3: =IFERROR(Supplier_Perf_Table[[#This Row],[Dollar Equivalent]]*Supplier_Perf_Table[[#This Row],[Ordered_Value]],"") -> 147.864 | U3: 0 | V3: 0 | W3: 16 | X3: =IFERROR(Supplier_Perf_Table[[#This Row],[Actual_Delivery_Date]]-Supplier_Perf_Table[[#This Row],[Order Date]],"") -> 16 | Y3: 13 | Z3: =IFERROR(Supplier_Perf_Table[[#This Row],[Expected Delivery_Date]]-Supplier_Perf_Table[[#This Row],[Order Date]],"") -> 13 | AA3: =Supplier_Perf_Table[[#This Row],[Calculated_Lead_Time2]]-Supplier_Perf_Table[[#This Row],[Calculated_Expected_Lead_Time]] -> 3 | AB3: 3 | AC3: Late | AD3: Accepted | AE3: Pending | AF3: Not Stated | AG3: Rail | AH3: Kuehne+Nagel | AI3: EXW | AJ3: N/A | AK3: 5 | AL3: Legacy CSV | AM3: Late delivery
A4: PO-2026-00003 | B4: ORD-541564 | C4: 46151 | D4: 46160 | E4: 46165 | F4: SUP-014 | G4: Kano | H4: Nigeria | I4: Accra Hub | J4: Industrial Supplies | K4: SKU-IND-171 | L4: Filter Cartridge | M4: 690.99 | N4: USD | O4: =_xlfn.XLOOKUP(Supplier_Perf_Table[[#This Row],[Currency]],'Comments 2'!$C$4:$C$16,'Comments 2'!$D$4:$D$16) -> 1 | P4: =IFERROR(Supplier_Perf_Table[[#This Row],[Unit_Cost]]*Supplier_Perf_Table[[#This Row],[Dollar Equivalent]],"") -> 690.99 | Q4: 300 | R4: 207297 | S4: =Supplier_Perf_Table[[#This Row],[Unit_Cost]]*Supplier_Perf_Table[[#This Row],[Order_Quantity]] -> 207297 | T4: =IFERROR(Supplier_Perf_Table[[#This Row],[Dollar Equivalent]]*Supplier_Perf_Table[[#This Row],[Ordered_Value]],"") -> 207297 | U4: 5 | V4: 0.0167 | W4: 14 | X4: =IFERROR(Supplier_Perf_Table[[#This Row],[Actual_Delivery_Date]]-Supplier_Perf_Table[[#This Row],[Order Date]],"") -> 14 | Y4: 9 | Z4: =IFERROR(Supplier_Perf_Table[[#This Row],[Expected Delivery_Date]]-Supplier_Perf_Table[[#This Row],[Order Date]],"") -> 9 | AA4: =Supplier_Perf_Table[[#This Row],[Calculated_Lead_Time2]]-Supplier_Perf_Table[[#This Row],[Calculated_Expected_Lead_Time]] -> 5 | AB4: 5 | AC4: Late | AD4: Accepted | AE4: Matched | AF4: COD | AG4: Road | AH4: No Carrier Listed | AI4: DDP | AJ4: N/A | AK4: 4.9 | AL4: Supplier Portal | AM4: Late delivery
A5: PO-2026-00004 | B5: ORD-635943 | C5: 46127 | D5: 46139 | E5: 46147 | F5: SUP-015 | G5: Kampala | H5: Uganda | I5: Dar es Salaam Port | J5: Textiles | K5: SKU-TEX-310 | L5: Polyester Roll | M5: 375.45 | N5: USD | O5: =_xlfn.XLOOKUP(Supplier_Perf_Table[[#This Row],[Currency]],'Comments 2'!$C$4:$C$16,'Comments 2'!$D$4:$D$16) -> 1 | P5: =IFERROR(Supplier_Perf_Table[[#This Row],[Unit_Cost]]*Supplier_Perf_Table[[#This Row],[Dollar Equivalent]],"") -> 375.45 | Q5: 1000 | R5: 375450 | S5: =Supplier_Perf_Table[[#This Row],[Unit_Cost]]*Supplier_Perf_Table[[#This Row],[Order_Quantity]] -> 375450 | T5: =IFERROR(Supplier_Perf_Table[[#This Row],[Dollar Equivalent]]*Supplier_Perf_Table[[#This Row],[Ordered_Value]],"") -> 375450 | U5: 49 | V5: 0.049 | W5: -5 | X5: =IFERROR(Supplier_Perf_Table[[#This Row],[Actual_Delivery_Date]]-Supplier_Perf_Table[[#This Row],[Order Date]],"") -> 20 | Y5: 12 | Z5: =IFERROR(Supplier_Perf_Table[[#This Row],[Expected Delivery_Date]]-Supplier_Perf_Table[[#This Row],[Order Date]],"") -> 12 | AA5: =Supplier_Perf_Table[[#This Row],[Calculated_Lead_Time2]]-Supplier_Perf_Table[[#This Row],[Calculated_Expected_Lead_Time]] -> 8 | AC5: Severely Delayed | AD5: Hold | AE5: Pending | AF5: COD | AG5: Sea | AH5: No Carrier Listed | AI5: DDP | AJ5: Damaged packaging | AK5: 3.3 | AL5: Email Invoice | AM5: Late delivery; Quality issue
A6: PO-2026-00005 | B6: ORD-833742 | C6: 46178 | D6: 46191 | E6: 46185 | F6: SUP-011 | G6: Kigali | H6: Rwanda | I6: Kigali Assembly | J6: Machinery Parts | K6: SKU-MAC-288 | L6: Conveyor Belt | M6: 2996.25 | N6: GHS | O6: =_xlfn.XLOOKUP(Supplier_Perf_Table[[#This Row],[Currency]],'Comments 2'!$C$4:$C$16,'Comments 2'!$D$4:$D$16) -> 0.089 | P6: =IFERROR(Supplier_Perf_Table[[#This Row],[Unit_Cost]]*Supplier_Perf_Table[[#This Row],[Dollar Equivalent]],"") -> 266.66625 | Q6: 75 | R6: 224718.75 | S6: =Supplier_Perf_Table[[#This Row],[Unit_Cost]]*Supplier_Perf_Table[[#This Row],[Order_Quantity]] -> 224718.75 | T6: =IFERROR(Supplier_Perf_Table[[#This Row],[Dollar Equivalent]]*Supplier_Perf_Table[[#This Row],[Ordered_Value]],"") -> 19999.969 | U6: 0 | V6: 0 | W6: 7 | X6: =IFERROR(Supplier_Perf_Table[[#This Row],[Actual_Delivery_Date]]-Supplier_Perf_Table[[#This Row],[Order Date]],"") -> 7 | Y6: 13 | Z6: =IFERROR(Supplier_Perf_Table[[#This Row],[Expected Delivery_Date]]-Supplier_Perf_Table[[#This Row],[Order Date]],"") -> 13 | AA6: =Supplier_Perf_Table[[#This Row],[Calculated_Lead_Time2]]-Supplier_Perf_Table[[#This Row],[Calculated_Expected_Lead_Time]] -> -6 | AB6: -6 | AC6: On Time | AD6: Accepted | AE6: Matched | AF6: Net 30 | AG6: Not Stated | AH6: Bollore Logistics | AI6: EXW | AJ6: N/A | AK6: 3.4 | AL6: Email Invoice | AM6: N/A
A7: PO-2026-00004 | B7: ORD-660938 | C7: 46149 | D7: 46163 | E7: 46160 | F7: SUP-004 | G7: Nile | H7: Egypt | I7: Abuja Plant | J7: Industrial Supplies | K7: SKU-IND-861 | L7: Safety Gloves | M7: 224.15 | N7: KES | O7: =_xlfn.XLOOKUP(Supplier_Perf_Table[[#This Row],[Currency]],'Comments 2'!$C$4:$C$16,'Comments 2'!$D$4:$D$16) -> 0.0077 | P7: =IFERROR(Supplier_Perf_Table[[#This Row],[Unit_Cost]]*Supplier_Perf_Table[[#This Row],[Dollar Equivalent]],"") -> 1.725955 | Q7: 1000 | R7: 224150 | S7: =Supplier_Perf_Table[[#This Row],[Unit_Cost]]*Supplier_Perf_Table[[#This Row],[Order_Quantity]] -> 224150 | T7: =IFERROR(Supplier_Perf_Table[[#This Row],[Dollar Equivalent]]*Supplier_Perf_Table[[#This Row],[Ordered_Value]],"") -> 1725.955 | U7: 70 | V7: 0.07 | W7: 11 | X7: =IFERROR(Supplier_Perf_Table[[#This Row],[Actual_Delivery_Date]]-Supplier_Perf_Table[[#This Row],[Order Date]],"") -> 11 | Y7: 14 | Z7: =IFERROR(Supplier_Perf_Table[[#This Row],[Expected Delivery_Date]]-Supplier_Perf_Table[[#This Row],[Order Date]],"") -> 14 | AA7: =Supplier_Perf_Table[[#This Row],[Calculated_Lead_Time2]]-Supplier_Perf_Table[[#This Row],[Calculated_Expected_Lead_Time]] -> -3 | AB7: -3 | AC7: On Time | AD7: Hold | AE7: Pending | AF7: COD | AG7: Sea | AH7: Bollore Logistics | AI7: FOB | AJ7: Missing certificate | AK7: 1.8 | AL7: Email Invoice | AM7: Quality issue
A8: PO-2026-00007 | B8: ORD-717922 | C8: 46120 | D8: 46137 | E8: 46142 | F8: SUP-002 | G8: Kentech | H8: Kenya | I8: Lagos DC | J8: Electronics | K8: SKU-ELE-698 | L8: Power Adapter | M8: 3665.29 | N8: EGP | O8: =_xlfn.XLOOKUP(Supplier_Perf_Table[[#This Row],[Currency]],'Comments 2'!$C$4:$C$16,'Comments 2'!$D$4:$D$16) -> 0.019 | P8: =IFERROR(Supplier_Perf_Table[[#This Row],[Unit_Cost]]*Supplier_Perf_Table[[#This Row],[Dollar Equivalent]],"") -> 69.64051 | Q8: 1000 | R8: 3665290 | S8: =Supplier_Perf_Table[[#This Row],[Unit_Cost]]*Supplier_Perf_Table[[#This Row],[Order_Quantity]] -> 3665290 | T8: =IFERROR(Supplier_Perf_Table[[#This Row],[Dollar Equivalent]]*Supplier_Perf_Table[[#This Row],[Ordered_Value]],"") -> 69640.51 | U8: 14 | V8: 0.014 | W8: 22 | X8: =IFERROR(Supplier_Perf_Table[[#This Row],[Actual_Delivery_Date]]-Supplier_Perf_Table[[#This Row],[Order Date]],"") -> 22 | Y8: 17 | Z8: =IFERROR(Supplier_Perf_Table[[#This Row],[Expected Delivery_Date]]-Supplier_Perf_Table[[#This Row],[Order Date]],"") -> 17 | AA8: =Supplier_Perf_Table[[#This Row],[Calculated_Lead_Time2]]-Supplier_Perf_Table[[#This Row],[Calculated_Expected_Lead_Time]] -> 5 | AB8: 5 | AC8: Severely Delayed | AD8: Accepted | AE8: Matched | AF8: Net 30 | AG8: Courier | AH8: Bollore Logistics | AI8: FOB | AJ8: N/A | AK8: 3.4 | AL8: ERP | AM8: Late delivery
A9: PO-2026-00008 | B9: ORD-198520 | C9: 46097 | D9: 46113 | E9: 46098 | F9: SUP-015 | G9: Kampala | H9: Uganda | I9: Kigali Assembly | J9: Packaging | K9: SKU-PAC-104 | L9: Corrugated Box | M9: 719.98 | N9: EGP | O9: =_xlfn.XLOOKUP(Supplier_Perf_Table[[#This Row],[Currency]],'Comments 2'!$C$4:$C$16,'Comments 2'!$D$4:$D$16) -> 0.019 | P9: =IFERROR(Supplier_Perf_Table[[#This Row],[Unit_Cost]]*Supplier_Perf_Table[[#This Row],[Dollar Equivalent]],"") -> 13.67962 | Q9: 1000 | R9: 719980 | S9: =Supplier_Perf_Table[[#This Row],[Unit_Cost]]*Supplier_Perf_Table[[#This Row],[Order_Quantity]] -> 719980 | T9: =IFERROR(Supplier_Perf_Table[[#This Row],[Dollar Equivalent]]*Supplier_Perf_Table[[#This Row],[Ordered_Value]],"") -> 13679.62 | U9: 32 | V9: 0.032 | W9: 1 | X9: =IFERROR(Supplier_Perf_Table[[#This Row],[Actual_Delivery_Date]]-Supplier_Perf_Table[[#This Row],[Order Date]],"") -> 1 | Y9: 16 | Z9: =IFERROR(Supplier_Perf_Table[[#This Row],[Expected Delivery_Date]]-Supplier_Perf_Table[[#This Row],[Order Date]],"") -> 16 | AA9: =Supplier_Perf_Table[[#This Row],[Calculated_Lead_Time2]]-Supplier_Perf_Table[[#This Row],[Calculated_Expected_Lead_Time]] -> -15 | AB9: -15 | AC9: On Time | AD9: Accepted | AE9: Pending | AF9: Not Stated | AG9: Rail | AH9: Bollore Logistics | AI9: FOB | AJ9: N/A | AK9: 2.9 | AL9: API Feed | AM9: N/A
A10: PO-2026-00009 | B10: ORD-346142 | C10: 46069 | D10: 46087 | E10: 46085 | F10: SUP-005 | G10: Cape | H10: South Africa | I10: Nairobi DC | J10: Industrial Supplies | K10: SKU-IND-637 | L10: Lubricant Drum | M10: 200.24 | N10: USD | O10: =_xlfn.XLOOKUP(Supplier_Perf_Table[[#This Row],[Currency]],'Comments 2'!$C$4:$C$16,'Comments 2'!$D$4:$D$16) -> 1 | P10: =IFERROR(Supplier_Perf_Table[[#This Row],[Unit_Cost]]*Supplier_Perf_Table[[#This Row],[Dollar Equivalent]],"") -> 200.24 | Q10: 500 | R10: 100120 | S10: =Supplier_Perf_Table[[#This Row],[Unit_Cost]]*Supplier_Perf_Table[[#This Row],[Order_Quantity]] -> 100120 | T10: =IFERROR(Supplier_Perf_Table[[#This Row],[Dollar Equivalent]]*Supplier_Perf_Table[[#This Row],[Ordered_Value]],"") -> 100120 | U10: 13 | V10: 0.026 | W10: 16 | X10: =IFERROR(Supplier_Perf_Table[[#This Row],[Actual_Delivery_Date]]-Supplier_Perf_Table[[#This Row],[Order Date]],"") -> 16 | Y10: 18 | Z10: =IFERROR(Supplier_Perf_Table[[#This Row],[Expected Delivery_Date]]-Supplier_Perf_Table[[#This Row],[Order Date]],"") -> 18 | AA10: =Supplier_Perf_Table[[#This Row],[Calculated_Lead_Time2]]-Supplier_Perf_Table[[#This Row],[Calculated_Expected_Lead_Time]] -> -2 | AB10: -2 | AC10: On Time | AD10: Accepted | AE10: Pending | AF10: COD | AG10: Sea | AH10: No Carrier Listed | AI10: DDP | AJ10: N/A | AK10: 4.6 | AL10: Email Invoice | AM10: N/A
A11: PO-2026-00010 | B11: ORD-493495 | C11: 46167 | D11: 46180 | E11: 46180 | F11: SUP-002 | G11: Kentech | H11: Kenya | I11: Nairobi DC | J11: Electronics | K11: SKU-ELE-651 | L11: Control Board | M11: 3659.46 | N11: KES | O11: =_xlfn.XLOOKUP(Supplier_Perf_Table[[#This Row],[Currency]],'Comments 2'!$C$4:$C$16,'Comments 2'!$D$4:$D$16) -> 0.0077 | P11: =IFERROR(Supplier_Perf_Table[[#This Row],[Unit_Cost]]*Supplier_Perf_Table[[#This Row],[Dollar Equivalent]],"") -> 28.177842 | Q11: 300 | R11: 1097838 | S11: =Supplier_Perf_Table[[#This Row],[Unit_Cost]]*Supplier_Perf_Table[[#This Row],[Order_Quantity]] -> 1097838 | T11: =IFERROR(Supplier_Perf_Table[[#This Row],[Dollar Equivalent]]*Supplier_Perf_Table[[#This Row],[Ordered_Value]],"") -> 8453.3526 | U11: 7 | V11: 0.0233 | W11: 13 | X11: =IFERROR(Supplier_Perf_Table[[#This Row],[Actual_Delivery_Date]]-Supplier_Perf_Table[[#This Row],[Order Date]],"") -> 13 | Y11: 13 | Z11: =IFERROR(Supplier_Perf_Table[[#This Row],[Expected Delivery_Date]]-Supplier_Perf_Table[[#This Row],[Order Date]],"") -> 13 | AA11: =Supplier_Perf_Table[[#This Row],[Calculated_Lead_Time2]]-Supplier_Perf_Table[[#This Row],[Calculated_Expected_Lead_Time]] -> 0 | AB11: 0 | AC11: On Time | AD11: Accepted | AE11: Disputed | AF11: Not Stated | AG11: Air | AH11: DHL | AI11: EXW | AJ11: N/A | AK11: 2.2 | AL11: Supplier Portal | AM11: Invoice issue
A12: PO-2026-00011 | B12: ORD-901706 | C12: 46041 | D12: 46057 | E12: 46058 | F12: SUP-004 | G12: Nile | H12: Egypt | I12: Dar es Salaam Port | J12: Textiles | K12: SKU-TEX-536 | L12: Polyester Roll | M12: 361.63 | N12: USD | O12: =_xlfn.XLOOKUP(Supplier_Perf_Table[[#This Row],[Currency]],'Comments 2'!$C$4:$C$16,'Comments 2'!$D$4:$D$16) -> 1 | P12: =IFERROR(Supplier_Perf_Table[[#This Row],[Unit_Cost]]*Supplier_Perf_Table[[#This Row],[Dollar Equivalent]],"") -> 361.63 | Q12: 2000 | R12: 723260 | S12: =Supplier_Perf_Table[[#This Row],[Unit_Cost]]*Supplier_Perf_Table[[#This Row],[Order_Quantity]] -> 723260 | T12: =IFERROR(Supplier_Perf_Table[[#This Row],[Dollar Equivalent]]*Supplier_Perf_Table[[#This Row],[Ordered_Value]],"") -> 723260 | U12: 102 | V12: 0.051 | W12: 17 | X12: =IFERROR(Supplier_Perf_Table[[#This Row],[Actual_Delivery_Date]]-Supplier_Perf_Table[[#This Row],[Order Date]],"") -> 17 | Y12: 16 | Z12: =IFERROR(Supplier_Perf_Table[[#This Row],[Expected Delivery_Date]]-Supplier_Perf_Table[[#This Row],[Order Date]],"") -> 16 | AA12: =Supplier_Perf_Table[[#This Row],[Calculated_Lead_Time2]]-Supplier_Perf_Table[[#This Row],[Calculated_Expected_Lead_Time]] -> 1 | AB12: 1 | AC12: Late | AD12: Hold | AE12: Pending | AF12: Net 30 | AG12: Rail | AH12: Maersk | AI12: CIF | AJ12: Missing certificate | AK12: 3 | AL12: Manual Excel Upload | AM12: Late delivery; Quality issue
A13: PO-2026-00012 | B13: ORD-504910 | C13: 46094 | D13: 46111 | E13: 46116 | F13: SUP-013 | G13: Casablanca | H13: Kenya | I13: Abuja Plant | J13: Electronics | K13: SKU-ELE-179 | L13: LED Driver | M13: 2943 | N13: KES | O13: =_xlfn.XLOOKUP(Supplier_Perf_Table[[#This Row],[Currency]],'Comments 2'!$C$4:$C$16,'Comments 2'!$D$4:$D$16) -> 0.0077 | P13: =IFERROR(Supplier_Perf_Table[[#This Row],[Unit_Cost]]*Supplier_Perf_Table[[#This Row],[Dollar Equivalent]],"") -> 22.6611 | Q13: 50 | R13: 147150 | S13: =Supplier_Perf_Table[[#This Row],[Unit_Cost]]*Supplier_Perf_Table[[#This Row],[Order_Quantity]] -> 147150 | T13: =IFERROR(Supplier_Perf_Table[[#This Row],[Dollar Equivalent]]*Supplier_Perf_Table[[#This Row],[Ordered_Value]],"") -> 1133.055 | U13: 0 | V13: 0 | W13: 22 | X13: =IFERROR(Supplier_Perf_Table[[#This Row],[Actual_Delivery_Date]]-Supplier_Perf_Table[[#This Row],[Order Date]],"") -> 22 | Y13: 17 | Z13: =IFERROR(Supplier_Perf_Table[[#This Row],[Expected Delivery_Date]]-Supplier_Perf_Table[[#This Row],[Order Date]],"") -> 17 | AA13: =Supplier_Perf_Table[[#This Row],[Calculated_Lead_Time2]]-Supplier_Perf_Table[[#This Row],[Calculated_Expected_Lead_Time]] -> 5 | AB13: 5 | AC13: Severely Delayed | AD13: Accepted | AE13: Missing Invoice | AF13: Net 30 | AG13: Courier | AH13: Kuehne+Nagel | AI13: fob | AJ13: N/A | AK13: 4.5 | AL13: API Feed | AM13: Late delivery; Invoice issue
A14: PO-2026-00013 | B14: ORD-105026 | C14: 46118 | D14: 46184 | E14: 46183 | F14: SUP-003 | G14: Sahara | H14: Nigeria | I14: Nairobi DC | J14: Raw Materials | K14: SKU-RAW-990 | L14: Chemical Additive | M14: 719.52 | N14: ZAR | O14: =_xlfn.XLOOKUP(Supplier_Perf_Table[[#This Row],[Currency]],'Comments 2'!$C$4:$C$16,'Comments 2'!$D$4:$D$16) -> 0.061 | P14: =IFERROR(Supplier_Perf_Table[[#This Row],[Unit_Cost]]*Supplier_Perf_Table[[#This Row],[Dollar Equivalent]],"") -> 43.89072 | Q14: 1000 | R14: 719520 | S14: =Supplier_Perf_Table[[#This Row],[Unit_Cost]]*Supplier_Perf_Table[[#This Row],[Order_Quantity]] -> 719520 | T14: =IFERROR(Supplier_Perf_Table[[#This Row],[Dollar Equivalent]]*Supplier_Perf_Table[[#This Row],[Ordered_Value]],"") -> 43890.72 | U14: 1 | V14: 0.001 | W14: 6 | X14: =IFERROR(Supplier_Perf_Table[[#This Row],[Actual_Delivery_Date]]-Supplier_Perf_Table[[#This Row],[Order Date]],"") -> 65 | Y14: 7 | Z14: =IFERROR(Supplier_Perf_Table[[#This Row],[Expected Delivery_Date]]-Supplier_Perf_Table[[#This Row],[Order Date]],"") -> 66 | AA14: =Supplier_Perf_Table[[#This Row],[Calculated_Lead_Time2]]-Supplier_Perf_Table[[#This Row],[Calculated_Expected_Lead_Time]] -> -1 | AC14: On Time | AD14: Accepted | AE14: Missing Invoice | AF14: Not Stated | AG14: Rail | AH14: Kuehne+Nagel | AI14: FOB | AJ14: N/A | AK14: 3.3 | AL14: ERP | AM14: Invoice issue
A15: PO-2026-00014 | B15: ORD-659835 | C15: 46165 | D15: 46172 | E15: 46173 | F15: SUP-003 | G15: Sahara | H15: Nigeria | I15: Accra Hub | J15: Raw Materials | K15: SKU-RAW-121 | L15: Chemical Additive | M15: 286.22 | N15: NGN | O15: =_xlfn.XLOOKUP(Supplier_Perf_Table[[#This Row],[Currency]],'Comments 2'!$C$4:$C$16,'Comments 2'!$D$4:$D$16) -> 0.00073 | P15: =IFERROR(Supplier_Perf_Table[[#This Row],[Unit_Cost]]*Supplier_Perf_Table[[#This Row],[Dollar Equivalent]],"") -> 0.2089406 | Q15: 150 | R15: 42933 | S15: =Supplier_Perf_Table[[#This Row],[Unit_Cost]]*Supplier_Perf_Table[[#This Row],[Order_Quantity]] -> 42933 | T15: =IFERROR(Supplier_Perf_Table[[#This Row],[Dollar Equivalent]]*Supplier_Perf_Table[[#This Row],[Ordered_Value]],"") -> 31.34109 | U15: 2 | V15: 0.0133 | W15: 8 | X15: =IFERROR(Supplier_Perf_Table[[#This Row],[Actual_Delivery_Date]]-Supplier_Perf_Table[[#This Row],[Order Date]],"") -> 8 | Y15: 7 | Z15: =IFERROR(Supplier_Perf_Table[[#This Row],[Expected Delivery_Date]]-Supplier_Perf_Table[[#This Row],[Order Date]],"") -> 7 | AA15: =Supplier_Perf_Table[[#This Row],[Calculated_Lead_Time2]]-Supplier_Perf_Table[[#This Row],[Calculated_Expected_Lead_Time]] -> 1 | AB15: 1 | AC15: Late | AD15: Accepted | AE15: Pending | AF15: Net 30 | AG15: Road | AH15: Bollore Logistics | AI15: FOB | AJ15: N/A | AK15: 4.2 | AL15: Manual Excel Upload | AM15: Late delivery
A16: PO-2026-00015 | B16: ORD-389548 | C16: 46195 | D16: 46197 | E16: 46199 | F16: SUP-001 | G16: Primesteel | H16: Nigeria | I16: Kigali Assembly | J16: Metals | K16: SKU-MET-232 | L16: Aluminium Sheet | M16: 997.52 | N16: GHS | O16: =_xlfn.XLOOKUP(Supplier_Perf_Table[[#This Row],[Currency]],'Comments 2'!$C$4:$C$16,'Comments 2'!$D$4:$D$16) -> 0.089 | P16: =IFERROR(Supplier_Perf_Table[[#This Row],[Unit_Cost]]*Supplier_Perf_Table[[#This Row],[Dollar Equivalent]],"") -> 88.77928 | Q16: 2000 | R16: 1995040 | S16: =Supplier_Perf_Table[[#This Row],[Unit_Cost]]*Supplier_Perf_Table[[#This Row],[Order_Quantity]] -> 1995040 | T16: =IFERROR(Supplier_Perf_Table[[#This Row],[Dollar Equivalent]]*Supplier_Perf_Table[[#This Row],[Ordered_Value]],"") -> 177558.56 | U16: 31 | V16: 0.0155 | W16: 4 | X16: =IFERROR(Supplier_Perf_Table[[#This Row],[Actual_Delivery_Date]]-Supplier_Perf_Table[[#This Row],[Order Date]],"") -> 4 | Y16: 2 | Z16: =IFERROR(Supplier_Perf_Table[[#This Row],[Expected Delivery_Date]]-Supplier_Perf_Table[[#This Row],[Order Date]],"") -> 2 | AA16: =Supplier_Perf_Table[[#This Row],[Calculated_Lead_Time2]]-Supplier_Perf_Table[[#This Row],[Calculated_Expected_Lead_Time]] -> 2 | AB16: 2 | AC16: Delayed | AD16: Accepted | AE16: Not Stated | AF16: COD | AG16: Sea | AH16: Kuehne+Nagel | AI16: N/A | AJ16: N/A | AK16: 4 | AL16: API Feed | AM16: Late delivery; Invoice issue
A17: PO-2026-00016 | B17: ORD-899022 | C17: 46159 | D17: 46177 | E17: 46183 | F17: SUP-013 | G17: Casablanca | H17: Morocco | I17: Dar es Salaam Port | J17: Metals | K17: SKU-MET-608 | L17: Steel Coil | M17: 1754.18 | N17: MAD | O17: =_xlfn.XLOOKUP(Supplier_Perf_Table[[#This Row],[Currency]],'Comments 2'!$C$4:$C$16,'Comments 2'!$D$4:$D$16) -> 0.11 | P17: =IFERROR(Supplier_Perf_Table[[#This Row],[Unit_Cost]]*Supplier_Perf_Table[[#This Row],[Dollar Equivalent]],"") -> 192.9598 | Q17: 200 | R17: 350836 | S17: =Supplier_Perf_Table[[#This Row],[Unit_Cost]]*Supplier_Perf_Table[[#This Row],[Order_Quantity]] -> 350836 | T17: =IFERROR(Supplier_Perf_Table[[#This Row],[Dollar Equivalent]]*Supplier_Perf_Table[[#This Row],[Ordered_Value]],"") -> 38591.96 | U17: 6 | V17: 0.03 | W17: 24 | X17: =IFERROR(Supplier_Perf_Table[[#This Row],[Actual_Delivery_Date]]-Supplier_Perf_Table[[#This Row],[Order Date]],"") -> 24 | Y17: 18 | Z17: =IFERROR(Supplier_Perf_Table[[#This Row],[Expected Delivery_Date]]-Supplier_Perf_Table[[#This Row],[Order Date]],"") -> 18 | AA17: =Supplier_Perf_Table[[#This Row],[Calculated_Lead_Time2]]-Supplier_Perf_Table[[#This Row],[Calculated_Expected_Lead_Time]] -> 6 | AB17: 6 | AC17: Severely Delayed | AD17: Accepted | AE17: Disputed | AF17: Net 45 | AG17: Road | AH17: Local Truck Partner | AI17: FOB | AJ17: N/A | AK17: 2.1 | AL17: API Feed | AM17: Late delivery; Invoice issue
A18: PO-2026-00017 | B18: ORD-683817 | C18: 46163 | D18: 46177 | E18: 46183 | F18: SUP-007 | G18: Dar | H18: Tanzania | I18: Port Harcourt Warehouse | J18: Machinery Parts | K18: SKU-MAC-888 | L18: Bearing Set | M18: 2499.94 | N18: GHS | O18: =_xlfn.XLOOKUP(Supplier_Perf_Table[[#This Row],[Currency]],'Comments 2'!$C$4:$C$16,'Comments 2'!$D$4:$D$16) -> 0.089 | P18: =IFERROR(Supplier_Perf_Table[[#This Row],[Unit_Cost]]*Supplier_Perf_Table[[#This Row],[Dollar Equivalent]],"") -> 222.49466 | Q18: 200 | R18: 499988 | S18: =Supplier_Perf_Table[[#This Row],[Unit_Cost]]*Supplier_Perf_Table[[#This Row],[Order_Quantity]] -> 499988 | T18: =IFERROR(Supplier_Perf_Table[[#This Row],[Dollar Equivalent]]*Supplier_Perf_Table[[#This Row],[Ordered_Value]],"") -> 44498.932 | U18: 5 | V18: 0.025 | W18: 20 | X18: =IFERROR(Supplier_Perf_Table[[#This Row],[Actual_Delivery_Date]]-Supplier_Perf_Table[[#This Row],[Order Date]],"") -> 20 | Y18: 14 | Z18: =IFERROR(Supplier_Perf_Table[[#This Row],[Expected Delivery_Date]]-Supplier_Perf_Table[[#This Row],[Order Date]],"") -> 14 | AA18: =Supplier_Perf_Table[[#This Row],[Calculated_Lead_Time2]]-Supplier_Perf_Table[[#This Row],[Calculated_Expected_Lead_Time]] -> 6 | AB18: 6 | AC18: Severely Delayed | AD18: Accepted | AE18: Matched | AF18: COD | AG18: Courier | AH18: Local Truck Partner | AI18: FOB | AJ18: N/A | AK18: 2.5 | AL18: API Feed | AM18: Late delivery
A19: PO-2026-00011 | B19: ORD-334714 | C19: 46079 | D19: 46091 | E19: 46092 | F19: SUP-015 | G19: Kampala | H19: Uganda | I19: Nairobi DC | J19: Machinery Parts | K19: SKU-MAC-913 | L19: Conveyor Belt | M19: 375.4 | N19: USD | O19: =_xlfn.XLOOKUP(Supplier_Perf_Table[[#This Row],[Currency]],'Comments 2'!$C$4:$C$16,'Comments 2'!$D$4:$D$16) -> 1 | P19: =IFERROR(Supplier_Perf_Table[[#This Row],[Unit_Cost]]*Supplier_Perf_Table[[#This Row],[Dollar Equivalent]],"") -> 375.4 | Q19: 200 | R19: 75080 | S19: =Supplier_Perf_Table[[#This Row],[Unit_Cost]]*Supplier_Perf_Table[[#This Row],[Order_Quantity]] -> 75080 | T19: =IFERROR(Supplier_Perf_Table[[#This Row],[Dollar Equivalent]]*Supplier_Perf_Table[[#This Row],[Ordered_Value]],"") -> 75080 | U19: 11 | V19: 0.055 | W19: 13 | X19: =IFERROR(Supplier_Perf_Table[[#This Row],[Actual_Delivery_Date]]-Supplier_Perf_Table[[#This Row],[Order Date]],"") -> 13 | Y19: 12 | Z19: =IFERROR(Supplier_Perf_Table[[#This Row],[Expected Delivery_Date]]-Supplier_Perf_Table[[#This Row],[Order Date]],"") -> 12 | AA19: =Supplier_Perf_Table[[#This Row],[Calculated_Lead_Time2]]-Supplier_Perf_Table[[#This Row],[Calculated_Expected_Lead_Time]] -> 1 | AB19: 1 | AC19: Late | AD19: Hold | AE19: Missing Invoice | AF19: Net 45 | AG19: Rail | AH19: No Carrier Listed | AI19: FOB | AJ19: Wrong specification | AK19: 1.5 | AL19: Warehouse Scan | AM19: Late delivery; Quality issue; Invoice issue
A20: PO-2026-00019 | B20: ORD-808592 | C20: 46045 | D20: 46056 | E20: 46057 | F20: SUP-002 | G20: Kentech | H20: Kenya | I20: Dar es Salaam Port | J20: Electronics | K20: SKU-ELE-297 | L20: Sensor Module | M20: 3315.83 | N20: USD | O20: =_xlfn.XLOOKUP(Supplier_Perf_Table[[#This Row],[Currency]],'Comments 2'!$C$4:$C$16,'Comments 2'!$D$4:$D$16) -> 1 | P20: =IFERROR(Supplier_Perf_Table[[#This Row],[Unit_Cost]]*Supplier_Perf_Table[[#This Row],[Dollar Equivalent]],"") -> 3315.83 | Q20: 50 | R20: 165791.5 | S20: =Supplier_Perf_Table[[#This Row],[Unit_Cost]]*Supplier_Perf_Table[[#This Row],[Order_Quantity]] -> 165791.5 | T20: =IFERROR(Supplier_Perf_Table[[#This Row],[Dollar Equivalent]]*Supplier_Perf_Table[[#This Row],[Ordered_Value]],"") -> 165791.5 | U20: 0 | V20: 0 | W20: 12 | X20: =IFERROR(Supplier_Perf_Table[[#This Row],[Actual_Delivery_Date]]-Supplier_Perf_Table[[#This Row],[Order Date]],"") -> 12 | Y20: 11 | Z20: =IFERROR(Supplier_Perf_Table[[#This Row],[Expected Delivery_Date]]-Supplier_Perf_Table[[#This Row],[Order Date]],"") -> 11 | AA20: =Supplier_Perf_Table[[#This Row],[Calculated_Lead_Time2]]-Supplier_Perf_Table[[#This Row],[Calculated_Expected_Lead_Time]] -> 1 | AB20: 1 | AC20: Late | AD20: Accepted | AE20: Pending | AF20: Advance | AG20: Not Stated | AH20: DHL | AI20: DAP | AJ20: N/A | AK20: 2.2 | AL20: Manual Excel Upload | AM20: Late delivery
A21: PO-2026-00020 | B21: ORD-406468 | C21: 46073 | D21: 46082 | E21: 46086 | F21: SUP-015 | G21: Kampala | H21: Uganda | I21: Lagos DC | J21: Machinery Parts | K21: SKU-MAC-761 | L21: Conveyor Belt | M21: 1685.89 | N21: KES | O21: =_xlfn.XLOOKUP(Supplier_Perf_Table[[#This Row],[Currency]],'Comments 2'!$C$4:$C$16,'Comments 2'!$D$4:$D$16) -> 0.0077 | P21: =IFERROR(Supplier_Perf_Table[[#This Row],[Unit_Cost]]*Supplier_Perf_Table[[#This Row],[Dollar Equivalent]],"") -> 12.981353 | Q21: 750 | R21: 1264417.5 | S21: =Supplier_Perf_Table[[#This Row],[Unit_Cost]]*Supplier_Perf_Table[[#This Row],[Order_Quantity]] -> 1264417.5 | T21: =IFERROR(Supplier_Perf_Table[[#This Row],[Dollar Equivalent]]*Supplier_Perf_Table[[#This Row],[Ordered_Value]],"") -> 9736.0148 | U21: 17 | V21: 0.0227 | W21: 13 | X21: =IFERROR(Supplier_Perf_Table[[#This Row],[Actual_Delivery_Date]]-Supplier_Perf_Table[[#This Row],[Order Date]],"") -> 13 | Y21: 9 | Z21: =IFERROR(Supplier_Perf_Table[[#This Row],[Expected Delivery_Date]]-Supplier_Perf_Table[[#This Row],[Order Date]],"") -> 9 | AA21: =Supplier_Perf_Table[[#This Row],[Calculated_Lead_Time2]]-Supplier_Perf_Table[[#This Row],[Calculated_Expected_Lead_Time]] -> 4 | AB21: 4 | AC21: Severely Delayed | AD21: Accepted | AE21: Disputed | AF21: Net 30 | AG21: Sea | AH21: DHL | AI21: fob | AJ21: N/A | AK21: 4.8 | AL21: Legacy CSV | AM21: Missing/invalid supplier ID; Late delivery; Invoice issue
A22: PO-2026-00021 | B22: ORD-968088 | C22: 46095 | D22: 46107 | E22: 46099 | F22: SUP-015 | G22: Kampala | H22: Uganda | I22: Nairobi DC | J22: Machinery Parts | K22: SKU-MAC-781 | L22: Gear Assembly | M22: 1181.69 | N22: EGP | O22: =_xlfn.XLOOKUP(Supplier_Perf_Table[[#This Row],[Currency]],'Comments 2'!$C$4:$C$16,'Comments 2'!$D$4:$D$16) -> 0.019 | P22: =IFERROR(Supplier_Perf_Table[[#This Row],[Unit_Cost]]*Supplier_Perf_Table[[#This Row],[Dollar Equivalent]],"") -> 22.45211 | Q22: 500 | R22: 590845 | S22: =Supplier_Perf_Table[[#This Row],[Unit_Cost]]*Supplier_Perf_Table[[#This Row],[Order_Quantity]] -> 590845 | T22: =IFERROR(Supplier_Perf_Table[[#This Row],[Dollar Equivalent]]*Supplier_Perf_Table[[#This Row],[Ordered_Value]],"") -> 11226.055 | U22: 6 | V22: 0.012 | W22: 4 | X22: =IFERROR(Supplier_Perf_Table[[#This Row],[Actual_Delivery_Date]]-Supplier_Perf_Table[[#This Row],[Order Date]],"") -> 4 | Y22: 12 | Z22: =IFERROR(Supplier_Perf_Table[[#This Row],[Expected Delivery_Date]]-Supplier_Perf_Table[[#This Row],[Order Date]],"") -> 12 | AA22: =Supplier_Perf_Table[[#This Row],[Calculated_Lead_Time2]]-Supplier_Perf_Table[[#This Row],[Calculated_Expected_Lead_Time]] -> -8 | AB22: -8 | AC22: On Time | AD22: Accepted | AE22: Matched | AF22: Not Stated | AG22: Air | AH22: Maersk | AI22: N/A | AJ22: N/A | AK22: 2.9 | AL22: Manual Excel Upload | AM22: N/A
A23: PO-2026-00022 | B23: ORD-964937 | C23: 46111 | D23: 46125 | E23: 46137 | F23: SUP-002 | G23: Kentech | H23: Kenya | I23: Abuja Plant | J23: Raw Materials | K23: SKU-RAW-926 | L23: Polymer Resin | N23: KES | O23: =_xlfn.XLOOKUP(Supplier_Perf_Table[[#This Row],[Currency]],'Comments 2'!$C$4:$C$16,'Comments 2'!$D$4:$D$16) -> 0.0077 | P23: =IFERROR(Supplier_Perf_Table[[#This Row],[Unit_Cost]]*Supplier_Perf_Table[[#This Row],[Dollar Equivalent]],"") | Q23: 750 | R23: 359227.5 | S23: =Supplier_Perf_Table[[#This Row],[Unit_Cost]]*Supplier_Perf_Table[[#This Row],[Order_Quantity]] -> #VALUE! | T23: =IFERROR(Supplier_Perf_Table[[#This Row],[Dollar Equivalent]]*Supplier_Perf_Table[[#This Row],[Ordered_Value]],"") -> 2766.0518 | V23: 0 | W23: 26 | X23: =IFERROR(Supplier_Perf_Table[[#This Row],[Actual_Delivery_Date]]-Supplier_Perf_Table[[#This Row],[Order Date]],"") -> 26 | Y23: 14 | Z23: =IFERROR(Supplier_Perf_Table[[#This Row],[Expected Delivery_Date]]-Supplier_Perf_Table[[#This Row],[Order Date]],"") -> 14 | AA23: =Supplier_Perf_Table[[#This Row],[Calculated_Lead_Time2]]-Supplier_Perf_Table[[#This Row],[Calculated_Expected_Lead_Time]] -> 12 | AB23: 12 | AC23: Very Late | AD23: Accepted | AE23: Matched | AF23: Net 30 | AG23: Rail | AH23: GIG Logistics | AI23: DAP | AJ23: N/A | AK23: 1.6 | AL23: Manual Excel Upload | AM23: Late delivery
A24: PO-2026-00023 | B24: ORD-282581 | C24: 46082 | D24: 46093 | E24: 46104 | F24: SUP-006 | G24: AccraAI | H24: Ghana | I24: Dar es Salaam Port | J24: Raw Materials | K24: SKU-RAW-494 | L24: Chemical Additive | M24: 194.64 | N24: GHS | O24: =_xlfn.XLOOKUP(Supplier_Perf_Table[[#This Row],[Currency]],'Comments 2'!$C$4:$C$16,'Comments 2'!$D$4:$D$16) -> 0.089 | P24: =IFERROR(Supplier_Perf_Table[[#This Row],[Unit_Cost]]*Supplier_Perf_Table[[#This Row],[Dollar Equivalent]],"") -> 17.32296 | Q24: 150 | R24: 29196 | S24: =Supplier_Perf_Table[[#This Row],[Unit_Cost]]*Supplier_Perf_Table[[#This Row],[Order_Quantity]] -> 29196 | T24: =IFERROR(Supplier_Perf_Table[[#This Row],[Dollar Equivalent]]*Supplier_Perf_Table[[#This Row],[Ordered_Value]],"") -> 2598.444 | U24: 2 | V24: 0.0133 | W24: 22 | X24: =IFERROR(Supplier_Perf_Table[[#This Row],[Actual_Delivery_Date]]-Supplier_Perf_Table[[#This Row],[Order Date]],"") -> 22 | Y24: 11 | Z24: =IFERROR(Supplier_Perf_Table[[#This Row],[Expected Delivery_Date]]-Supplier_Perf_Table[[#This Row],[Order Date]],"") -> 11 | AA24: =Supplier_Perf_Table[[#This Row],[Calculated_Lead_Time2]]-Supplier_Perf_Table[[#This Row],[Calculated_Expected_Lead_Time]] -> 11 | AB24: 11 | AC24: Late | AD24: Accepted | AE24: Not Stated | AF24: 50% Advance / 50% Delivery | AG24: Sea | AH24: No Carrier Listed | AI24: FOB | AJ24: N/A | AK24: 3 | AL24: Email Invoice | AM24: Late delivery; Invoice issue
A25: PO-2026-00024 | B25: ORD-661755 | C25: 46067 | D25: 46070 | E25: 46075 | F25: SUP-008 | G25: LagosPR | H25: Nigeria | I25: Lagos DC | J25: Packaging | K25: SKU-PAC-793 | L25: Shipping Carton | M25: 439.15 | N25: GHS | O25: =_xlfn.XLOOKUP(Supplier_Perf_Table[[#This Row],[Currency]],'Comments 2'!$C$4:$C$16,'Comments 2'!$D$4:$D$16) -> 0.089 | P25: =IFERROR(Supplier_Perf_Table[[#This Row],[Unit_Cost]]*Supplier_Perf_Table[[#This Row],[Dollar Equivalent]],"") -> 39.08435 | Q25: 1500 | R25: 658725 | S25: =Supplier_Perf_Table[[#This Row],[Unit_Cost]]*Supplier_Perf_Table[[#This Row],[Order_Quantity]] -> 658725 | T25: =IFERROR(Supplier_Perf_Table[[#This Row],[Dollar Equivalent]]*Supplier_Perf_Table[[#This Row],[Ordered_Value]],"") -> 58626.525 | U25: 15 | V25: 0.01 | W25: 8 | X25: =IFERROR(Supplier_Perf_Table[[#This Row],[Actual_Delivery_Date]]-Supplier_Perf_Table[[#This Row],[Order Date]],"") -> 8 | Y25: 3 | Z25: =IFERROR(Supplier_Perf_Table[[#This Row],[Expected Delivery_Date]]-Supplier_Perf_Table[[#This Row],[Order Date]],"") -> 3 | AA25: =Supplier_Perf_Table[[#This Row],[Calculated_Lead_Time2]]-Supplier_Perf_Table[[#This Row],[Calculated_Expected_Lead_Time]] -> 5 | AB25: 5 | AC25: Very Late | AD25: Accepted | AE25: Not Stated | AF25: COD | AG25: Not Stated | AH25: Kuehne+Nagel | AI25: N/A | AJ25: N/A | AK25: 2.7 | AL25: Email Invoice | AM25: Late delivery; Invoice issue
A26: PO-2026-00025 | B26: ORD-993058 | C26: 46141 | D26: 46155 | E26: 46163 | F26: SUP-005 | G26: Cape | H26: South Africa | I26: Dar es Salaam Port | J26: Industrial Supplies | K26: SKU-IND-272 | L26: Filter Cartridge | M26: 747.31 | N26: NGN | O26: =_xlfn.XLOOKUP(Supplier_Perf_Table[[#This Row],[Currency]],'Comments 2'!$C$4:$C$16,'Comments 2'!$D$4:$D$16) -> 0.00073 | P26: =IFERROR(Supplier_Perf_Table[[#This Row],[Unit_Cost]]*Supplier_Perf_Table[[#This Row],[Dollar Equivalent]],"") -> 0.5455363 | Q26: 1000 | R26: 747310 | S26: =Supplier_Perf_Table[[#This Row],[Unit_Cost]]*Supplier_Perf_Table[[#This Row],[Order_Quantity]] -> 747310 | T26: =IFERROR(Supplier_Perf_Table[[#This Row],[Dollar Equivalent]]*Supplier_Perf_Table[[#This Row],[Ordered_Value]],"") -> 545.5363 | U26: 14 | V26: 0.014 | W26: 22 | X26: =IFERROR(Supplier_Perf_Table[[#This Row],[Actual_Delivery_Date]]-Supplier_Perf_Table[[#This Row],[Order Date]],"") -> 22 | Y26: 14 | Z26: =IFERROR(Supplier_Perf_Table[[#This Row],[Expected Delivery_Date]]-Supplier_Perf_Table[[#This Row],[Order Date]],"") -> 14 | AA26: =Supplier_Perf_Table[[#This Row],[Calculated_Lead_Time2]]-Supplier_Perf_Table[[#This Row],[Calculated_Expected_Lead_Time]] -> 8 | AB26: 8 | AC26: Very Late | AD26: Accepted | AE26: Matched | AF26: Advance | AG26: Rail | AH26: Local Truck Partner | AI26: N/A | AJ26: N/A | AK26: 2.9 | AL26: Warehouse Scan | AM26: Late delivery
A27: PO-2026-00026 | B27: ORD-554955 | C27: 46049 | D27: 46068 | E27: 46073 | F27: SUP-005 | G27: Cape | H27: South Africa | I27: Accra Hub | J27: Industrial Supplies | K27: SKU-IND-780 | L27: Welding Rod | M27: 765.07 | N27: KES | O27: =_xlfn.XLOOKUP(Supplier_Perf_Table[[#This Row],[Currency]],'Comments 2'!$C$4:$C$16,'Comments 2'!$D$4:$D$16) -> 0.0077 | P27: =IFERROR(Supplier_Perf_Table[[#This Row],[Unit_Cost]]*Supplier_Perf_Table[[#This Row],[Dollar Equivalent]],"") -> 5.891039 | Q27: 500 | R27: 382535 | S27: =Supplier_Perf_Table[[#This Row],[Unit_Cost]]*Supplier_Perf_Table[[#This Row],[Order_Quantity]] -> 382535 | T27: =IFERROR(Supplier_Perf_Table[[#This Row],[Dollar Equivalent]]*Supplier_Perf_Table[[#This Row],[Ordered_Value]],"") -> 2945.5195 | U27: 6 | V27: 0.012 | W27: 24 | X27: =IFERROR(Supplier_Perf_Table[[#This Row],[Actual_Delivery_Date]]-Supplier_Perf_Table[[#This Row],[Order Date]],"") -> 24 | Y27: 19 | Z27: =IFERROR(Supplier_Perf_Table[[#This Row],[Expected Delivery_Date]]-Supplier_Perf_Table[[#This Row],[Order Date]],"") -> 19 | AA27: =Supplier_Perf_Table[[#This Row],[Calculated_Lead_Time2]]-Supplier_Perf_Table[[#This Row],[Calculated_Expected_Lead_Time]] -> 5 | AB27: 5 | AC27: Late | AD27: Accepted | AE27: Matched | AF27: Not Stated | AG27: Not Stated | AH27: DHL | AI27: DDP | AJ27: N/A | AK27: 2.4 | AL27: ERP | AM27: Late delivery
A28: PO-2026-00027 | B28: ORD-922995 | C28: 46117 | D28: 46126 | E28: 46128 | F28: SUP-008 | G28: LagosPR | H28: Nigeria | I28: Dar es Salaam Port | J28: Packaging | K28: SKU-PAC-247 | L28: Plastic Film Roll | M28: 601.06 | N28: ZAR | O28: =_xlfn.XLOOKUP(Supplier_Perf_Table[[#This Row],[Currency]],'Comments 2'!$C$4:$C$16,'Comments 2'!$D$4:$D$16) -> 0.061 | P28: =IFERROR(Supplier_Perf_Table[[#This Row],[Unit_Cost]]*Supplier_Perf_Table[[#This Row],[Dollar Equivalent]],"") -> 36.66466 | Q28: 100 | R28: 60106 | S28: =Supplier_Perf_Table[[#This Row],[Unit_Cost]]*Supplier_Perf_Table[[#This Row],[Order_Quantity]] -> 60106 | T28: =IFERROR(Supplier_Perf_Table[[#This Row],[Dollar Equivalent]]*Supplier_Perf_Table[[#This Row],[Ordered_Value]],"") -> 3666.466 | U28: 2 | V28: 0.02 | W28: 11 | X28: =IFERROR(Supplier_Perf_Table[[#This Row],[Actual_Delivery_Date]]-Supplier_Perf_Table[[#This Row],[Order Date]],"") -> 11 | Y28: 9 | Z28: =IFERROR(Supplier_Perf_Table[[#This Row],[Expected Delivery_Date]]-Supplier_Perf_Table[[#This Row],[Order Date]],"") -> 9 | AA28: =Supplier_Perf_Table[[#This Row],[Calculated_Lead_Time2]]-Supplier_Perf_Table[[#This Row],[Calculated_Expected_Lead_Time]] -> 2 | AB28: 2 | AC28: Delayed | AD28: Accepted | AE28: Pending | AF28: Not Stated | AG28: Air | AH28: Maersk | AI28: DAP | AJ28: N/A | AK28: 4.7 | AL28: Supplier Portal | AM28: Late delivery
A29: PO-2026-00028 | B29: ORD-247297 | C29: 46166 | D29: 46184 | E29: 46173 | F29: SUP-009 | G29: Mombasa | H29: Kenya | I29: Nairobi DC | J29: Electronics | K29: SKU-ELE-420 | L29: Power Adapter | M29: 719.17 | N29: USD | O29: =_xlfn.XLOOKUP(Supplier_Perf_Table[[#This Row],[Currency]],'Comments 2'!$C$4:$C$16,'Comments 2'!$D$4:$D$16) -> 1 | P29: =IFERROR(Supplier_Perf_Table[[#This Row],[Unit_Cost]]*Supplier_Perf_Table[[#This Row],[Dollar Equivalent]],"") -> 719.17 | Q29: 500 | R29: 359585 | S29: =Supplier_Perf_Table[[#This Row],[Unit_Cost]]*Supplier_Perf_Table[[#This Row],[Order_Quantity]] -> 359585 | T29: =IFERROR(Supplier_Perf_Table[[#This Row],[Dollar Equivalent]]*Supplier_Perf_Table[[#This Row],[Ordered_Value]],"") -> 359585 | U29: 2 | V29: 0.004 | W29: 7 | X29: =IFERROR(Supplier_Perf_Table[[#This Row],[Actual_Delivery_Date]]-Supplier_Perf_Table[[#This Row],[Order Date]],"") -> 7 | Z29: =IFERROR(Supplier_Perf_Table[[#This Row],[Expected Delivery_Date]]-Supplier_Perf_Table[[#This Row],[Order Date]],"") -> 18 | AA29: =Supplier_Perf_Table[[#This Row],[Calculated_Lead_Time2]]-Supplier_Perf_Table[[#This Row],[Calculated_Expected_Lead_Time]] -> -11 | AB29: -11 | AC29: On Time | AD29: Accepted | AE29: Pending | AF29: COD | AG29: Road | AH29: Maersk | AI29: DDP | AJ29: N/A | AK29: 3.6 | AL29: Legacy CSV | AM29: N/A
A30: PO-2026-00009 | B30: ORD-302588 | C30: 46128 | D30: 46138 | E30: 46141 | F30: SUP-010 | G30: AddisFW | H30: Ethiopia | I30: Accra Hub | J30: Textiles | K30: SKU-TEX-685 | L30: Label Tape | M30: 230.96 | N30: NGN | O30: =_xlfn.XLOOKUP(Supplier_Perf_Table[[#This Row],[Currency]],'Comments 2'!$C$4:$C$16,'Comments 2'!$D$4:$D$16) -> 0.00073 | P30: =IFERROR(Supplier_Perf_Table[[#This Row],[Unit_Cost]]*Supplier_Perf_Table[[#This Row],[Dollar Equivalent]],"") -> 0.1686008 | Q30: 750 | R30: 173220 | S30: =Supplier_Perf_Table[[#This Row],[Unit_Cost]]*Supplier_Perf_Table[[#This Row],[Order_Quantity]] -> 173220 | T30: =IFERROR(Supplier_Perf_Table[[#This Row],[Dollar Equivalent]]*Supplier_Perf_Table[[#This Row],[Ordered_Value]],"") -> 126.4506 | U30: 17 | V30: 0.0227 | W30: 13 | X30: =IFERROR(Supplier_Perf_Table[[#This Row],[Actual_Delivery_Date]]-Supplier_Perf_Table[[#This Row],[Order Date]],"") -> 13 | Y30: 10 | Z30: =IFERROR(Supplier_Perf_Table[[#This Row],[Expected Delivery_Date]]-Supplier_Perf_Table[[#This Row],[Order Date]],"") -> 10 | AA30: =Supplier_Perf_Table[[#This Row],[Calculated_Lead_Time2]]-Supplier_Perf_Table[[#This Row],[Calculated_Expected_Lead_Time]] -> 3 | AB30: 3 | AC30: Late | AD30: Accepted | AE30: Matched | AF30: Net 30 | AG30: Sea | AH30: DHL | AI30: FOB | AJ30: N/A | AK30: 3.9 | AL30: Email Invoice | AM30: Late delivery
A31: PO-2026-00030 | B31: ORD-155259 | C31: 46078 | D31: 46090 | E31: 46086 | F31: SUP-014 | G31: Kano | H31: Nigeria | I31: Cape Town Plant | J31: Industrial Supplies | K31: SKU-IND-332 | L31: Lubricant Drum | M31: 606.01 | N31: EGP | O31: =_xlfn.XLOOKUP(Supplier_Perf_Table[[#This Row],[Currency]],'Comments 2'!$C$4:$C$16,'Comments 2'!$D$4:$D$16) -> 0.019 | P31: =IFERROR(Supplier_Perf_Table[[#This Row],[Unit_Cost]]*Supplier_Perf_Table[[#This Row],[Dollar Equivalent]],"") -> 11.51419 | Q31: 75 | R31: 45450.75 | S31: =Supplier_Perf_Table[[#This Row],[Unit_Cost]]*Supplier_Perf_Table[[#This Row],[Order_Quantity]] -> 45450.75 | T31: =IFERROR(Supplier_Perf_Table[[#This Row],[Dollar Equivalent]]*Supplier_Perf_Table[[#This Row],[Ordered_Value]],"") -> 863.56425 | U31: 0 | V31: 0 | W31: 8 | X31: =IFERROR(Supplier_Perf_Table[[#This Row],[Actual_Delivery_Date]]-Supplier_Perf_Table[[#This Row],[Order Date]],"") -> 8 | Y31: 12 | Z31: =IFERROR(Supplier_Perf_Table[[#This Row],[Expected Delivery_Date]]-Supplier_Perf_Table[[#This Row],[Order Date]],"") -> 12 | AA31: =Supplier_Perf_Table[[#This Row],[Calculated_Lead_Time2]]-Supplier_Perf_Table[[#This Row],[Calculated_Expected_Lead_Time]] -> -4 | AB31: -4 | AC31: On Time | AD31: Accepted | AE31: Matched | AF31: Advance | AG31: Road | AH31: DHL | AI31: fob | AJ31: N/A | AK31: 3.9 | AL31: API Feed | AM31: N/A
A32: PO-2026-00020 | B32: ORD-478850 | C32: 46134 | D32: 46141 | E32: 46134 | F32: SUP-003 | G32: Sahara | H32: Nigeria | I32: Abuja Plant | J32: Packaging | K32: SKU-PAC-433 | L32: Bottle Caps | M32: 604.62 | N32: ZAR | O32: =_xlfn.XLOOKUP(Supplier_Perf_Table[[#This Row],[Currency]],'Comments 2'!$C$4:$C$16,'Comments 2'!$D$4:$D$16) -> 0.061 | P32: =IFERROR(Supplier_Perf_Table[[#This Row],[Unit_Cost]]*Supplier_Perf_Table[[#This Row],[Dollar Equivalent]],"") -> 36.88182 | Q32: 2000 | R32: 1209240 | S32: =Supplier_Perf_Table[[#This Row],[Unit_Cost]]*Supplier_Perf_Table[[#This Row],[Order_Quantity]] -> 1209240 | T32: =IFERROR(Supplier_Perf_Table[[#This Row],[Dollar Equivalent]]*Supplier_Perf_Table[[#This Row],[Ordered_Value]],"") -> 73763.64 | U32: 26 | V32: 0.013 | W32: 0 | X32: =IFERROR(Supplier_Perf_Table[[#This Row],[Actual_Delivery_Date]]-Supplier_Perf_Table[[#This Row],[Order Date]],"") -> 0 | Y32: 7 | Z32: =IFERROR(Supplier_Perf_Table[[#This Row],[Expected Delivery_Date]]-Supplier_Perf_Table[[#This Row],[Order Date]],"") -> 7 | AA32: =Supplier_Perf_Table[[#This Row],[Calculated_Lead_Time2]]-Supplier_Perf_Table[[#This Row],[Calculated_Expected_Lead_Time]] -> -7 | AB32: -7 | AC32: On Time | AD32: Accepted | AE32: Disputed | AF32: Not Stated | AG32: Sea | AH32: Maersk | AI32: FOB | AJ32: N/A | AK32: 2.5 | AL32: Legacy CSV | AM32: Invoice issue
A33: PO-2026-00032 | B33: ORD-442501 | C33: 46187 | D33: 46198 | E33: 46200 | F33: SUP-010 | G33: AddisFW | H33: Ethiopia | I33: Cape Town Plant | J33: Raw Materials | K33: SKU-RAW-691 | L33: Polymer Resin | M33: 139.41 | N33: NGN | O33: =_xlfn.XLOOKUP(Supplier_Perf_Table[[#This Row],[Currency]],'Comments 2'!$C$4:$C$16,'Comments 2'!$D$4:$D$16) -> 0.00073 | P33: =IFERROR(Supplier_Perf_Table[[#This Row],[Unit_Cost]]*Supplier_Perf_Table[[#This Row],[Dollar Equivalent]],"") -> 0.1017693 | Q33: 75 | R33: 10455.75 | S33: =Supplier_Perf_Table[[#This Row],[Unit_Cost]]*Supplier_Perf_Table[[#This Row],[Order_Quantity]] -> 10455.75 | T33: =IFERROR(Supplier_Perf_Table[[#This Row],[Dollar Equivalent]]*Supplier_Perf_Table[[#This Row],[Ordered_Value]],"") -> 7.6326975 | U33: 0 | V33: 0 | W33: 13 | X33: =IFERROR(Supplier_Perf_Table[[#This Row],[Actual_Delivery_Date]]-Supplier_Perf_Table[[#This Row],[Order Date]],"") -> 13 | Y33: 11 | Z33: =IFERROR(Supplier_Perf_Table[[#This Row],[Expected Delivery_Date]]-Supplier_Perf_Table[[#This Row],[Order Date]],"") -> 11 | AA33: =Supplier_Perf_Table[[#This Row],[Calculated_Lead_Time2]]-Supplier_Perf_Table[[#This Row],[Calculated_Expected_Lead_Time]] -> 2 | AB33: 2 | AC33: Late | AD33: Accepted | AE33: Matched | AF33: Net 45 | AG33: Rail | AH33: No Carrier Listed | AI33: FOB | AJ33: N/A | AK33: 2.5 | AL33: Supplier Portal | AM33: Late delivery
A34: PO-2026-00033 | B34: ORD-614551 | C34: 46023 | D34: 46027 | E34: 46046 | F34: SUP-001 | G34: Primesteel | H34: Nigeria | I34: Kampala Warehouse | J34: Metals | K34: SKU-MET-325 | L34: Rebar Bundle | M34: 1980.29 | N34: ZAR | O34: =_xlfn.XLOOKUP(Supplier_Perf_Table[[#This Row],[Currency]],'Comments 2'!$C$4:$C$16,'Comments 2'!$D$4:$D$16) -> 0.061 | P34: =IFERROR(Supplier_Perf_Table[[#This Row],[Unit_Cost]]*Supplier_Perf_Table[[#This Row],[Dollar Equivalent]],"") -> 120.79769 | Q34: 150 | R34: 297043.5 | S34: =Supplier_Perf_Table[[#This Row],[Unit_Cost]]*Supplier_Perf_Table[[#This Row],[Order_Quantity]] -> 297043.5 | T34: =IFERROR(Supplier_Perf_Table[[#This Row],[Dollar Equivalent]]*Supplier_Perf_Table[[#This Row],[Ordered_Value]],"") -> 18119.654 | U34: 0 | V34: 0 | W34: 23 | X34: =IFERROR(Supplier_Perf_Table[[#This Row],[Actual_Delivery_Date]]-Supplier_Perf_Table[[#This Row],[Order Date]],"") -> 23 | Y34: 4 | Z34: =IFERROR(Supplier_Perf_Table[[#This Row],[Expected Delivery_Date]]-Supplier_Perf_Table[[#This Row],[Order Date]],"") -> 4 | AA34: =Supplier_Perf_Table[[#This Row],[Calculated_Lead_Time2]]-Supplier_Perf_Table[[#This Row],[Calculated_Expected_Lead_Time]] -> 19 | AB34: 19 | AC34: Late | AD34: Accepted | AE34: Matched | AF34: COD | AG34: Sea | AH34: GIG Logistics | AI34: FOB | AJ34: N/A | AK34: 2.9 | AL34: Email Invoice | AM34: Late delivery
A35: PO-2026-00034 | B35: ORD-371681 | C35: 46090 | D35: 46100 | E35: 46105 | F35: SUP-012 | G35: AbidjanCS | H35: Ivory Coast | I35: Cape Town Plant | J35: Textiles | K35: SKU-TEX-695 | L35: Label Tape | M35: 84.39 | N35: NGN | O35: =_xlfn.XLOOKUP(Supplier_Perf_Table[[#This Row],[Currency]],'Comments 2'!$C$4:$C$16,'Comments 2'!$D$4:$D$16) -> 0.00073 | P35: =IFERROR(Supplier_Perf_Table[[#This Row],[Unit_Cost]]*Supplier_Perf_Table[[#This Row],[Dollar Equivalent]],"") -> 0.0616047 | Q35: 200 | R35: 16878 | S35: =Supplier_Perf_Table[[#This Row],[Unit_Cost]]*Supplier_Perf_Table[[#This Row],[Order_Quantity]] -> 16878 | T35: =IFERROR(Supplier_Perf_Table[[#This Row],[Dollar Equivalent]]*Supplier_Perf_Table[[#This Row],[Ordered_Value]],"") -> 12.32094 | U35: 6 | V35: 0.03 | W35: 15 | X35: =IFERROR(Supplier_Perf_Table[[#This Row],[Actual_Delivery_Date]]-Supplier_Perf_Table[[#This Row],[Order Date]],"") -> 15 | Y35: 10 | Z35: =IFERROR(Supplier_Perf_Table[[#This Row],[Expected Delivery_Date]]-Supplier_Perf_Table[[#This Row],[Order Date]],"") -> 10 | AA35: =Supplier_Perf_Table[[#This Row],[Calculated_Lead_Time2]]-Supplier_Perf_Table[[#This Row],[Calculated_Expected_Lead_Time]] -> 5 | AB35: 5 | AC35: Late | AD35: Accepted | AE35: Matched | AF35: Net 30 | AG35: Air | AH35: Maersk | AI35: DAP | AJ35: N/A | AK35: 3.8 | AL35: Supplier Portal | AM35: Late delivery
A36: PO-2026-00035 | B36: ORD-501471 | C36: 46183 | D36: 46198 | E36: 46201 | F36: SUP-015 | G36: Kampala | H36: Uganda | I36: Cape Town Plant | J36: Industrial Supplies | K36: SKU-IND-561 | L36: Welding Rod | M36: 159.74 | N36: NGN | O36: =_xlfn.XLOOKUP(Supplier_Perf_Table[[#This Row],[Currency]],'Comments 2'!$C$4:$C$16,'Comments 2'!$D$4:$D$16) -> 0.00073 | P36: =IFERROR(Supplier_Perf_Table[[#This Row],[Unit_Cost]]*Supplier_Perf_Table[[#This Row],[Dollar Equivalent]],"") -> 0.1166102 | Q36: 250 | R36: 39935 | S36: =Supplier_Perf_Table[[#This Row],[Unit_Cost]]*Supplier_Perf_Table[[#This Row],[Order_Quantity]] -> 39935 | T36: =IFERROR(Supplier_Perf_Table[[#This Row],[Dollar Equivalent]]*Supplier_Perf_Table[[#This Row],[Ordered_Value]],"") -> 29.15255 | U36: 7 | V36: 0.028 | W36: 18 | X36: =IFERROR(Supplier_Perf_Table[[#This Row],[Actual_Delivery_Date]]-Supplier_Perf_Table[[#This Row],[Order Date]],"") -> 18 | Y36: 15 | Z36: =IFERROR(Supplier_Perf_Table[[#This Row],[Expected Delivery_Date]]-Supplier_Perf_Table[[#This Row],[Order Date]],"") -> 15 | AA36: =Supplier_Perf_Table[[#This Row],[Calculated_Lead_Time2]]-Supplier_Perf_Table[[#This Row],[Calculated_Expected_Lead_Time]] -> 3 | AB36: 3 | AC36: Late | AD36: Accepted | AE36: Pending | AF36: Net 45 | AG36: Not Stated | AH36: Kuehne+Nagel | AI36: EXW | AJ36: N/A | AK36: 3.3 | AL36: Legacy CSV | AM36: Late delivery
A37: PO-2026-00036 | B37: ORD-772564 | C37: 46149 | D37: 46164 | E37: 46170 | F37: SUP-002 | G37: Kentech | H37: Kenya | I37: Cape Town Plant | J37: Electronics | K37: SKU-ELE-777 | L37: LED Driver | M37: 529.21 | N37: NGN | O37: =_xlfn.XLOOKUP(Supplier_Perf_Table[[#This Row],[Currency]],'Comments 2'!$C$4:$C$16,'Comments 2'!$D$4:$D$16) -> 0.00073 | P37: =IFERROR(Supplier_Perf_Table[[#This Row],[Unit_Cost]]*Supplier_Perf_Table[[#This Row],[Dollar Equivalent]],"") -> 0.3863233 | Q37: 50 | S37: =Supplier_Perf_Table[[#This Row],[Unit_Cost]]*Supplier_Perf_Table[[#This Row],[Order_Quantity]] -> 26460.5 | T37: =IFERROR(Supplier_Perf_Table[[#This Row],[Dollar Equivalent]]*Supplier_Perf_Table[[#This Row],[Ordered_Value]],"") | U37: 4 | V37: 0.08 | W37: 21 | X37: =IFERROR(Supplier_Perf_Table[[#This Row],[Actual_Delivery_Date]]-Supplier_Perf_Table[[#This Row],[Order Date]],"") -> 21 | Z37: =IFERROR(Supplier_Perf_Table[[#This Row],[Expected Delivery_Date]]-Supplier_Perf_Table[[#This Row],[Order Date]],"") -> 15 | AA37: =Supplier_Perf_Table[[#This Row],[Calculated_Lead_Time2]]-Supplier_Perf_Table[[#This Row],[Calculated_Expected_Lead_Time]] -> 6 | AC37: Severely Delayed | AD37: Hold | AE37: Missing Invoice | AF37: Not Stated | AG37: Air | AH37: Kuehne+Nagel | AI37: N/A | AJ37: Missing certificate | AK37: 1.5 | AL37: ERP | AM37: Late delivery; Quality issue; Invoice issue
A38: PO-2026-00037 | B38: ORD-110526 | C38: 46114 | D38: 46118 | E38: 46114 | F38: SUP-001 | G38: Primesteel | H38: Nigeria | I38: Lagos DC | J38: Metals | K38: SKU-MET-256 | L38: Copper Rod | M38: 952.66 | N38: USD | O38: =_xlfn.XLOOKUP(Supplier_Perf_Table[[#This Row],[Currency]],'Comments 2'!$C$4:$C$16,'Comments 2'!$D$4:$D$16) -> 1 | P38: =IFERROR(Supplier_Perf_Table[[#This Row],[Unit_Cost]]*Supplier_Perf_Table[[#This Row],[Dollar Equivalent]],"") -> 952.66 | Q38: 1500 | R38: 1428990 | S38: =Supplier_Perf_Table[[#This Row],[Unit_Cost]]*Supplier_Perf_Table[[#This Row],[Order_Quantity]] -> 1428990 | T38: =IFERROR(Supplier_Perf_Table[[#This Row],[Dollar Equivalent]]*Supplier_Perf_Table[[#This Row],[Ordered_Value]],"") -> 1428990 | U38: 30 | V38: 0.02 | W38: 0 | X38: =IFERROR(Supplier_Perf_Table[[#This Row],[Actual_Delivery_Date]]-Supplier_Perf_Table[[#This Row],[Order Date]],"") -> 0 | Y38: 4 | Z38: =IFERROR(Supplier_Perf_Table[[#This Row],[Expected Delivery_Date]]-Supplier_Perf_Table[[#This Row],[Order Date]],"") -> 4 | AA38: =Supplier_Perf_Table[[#This Row],[Calculated_Lead_Time2]]-Supplier_Perf_Table[[#This Row],[Calculated_Expected_Lead_Time]] -> -4 | AB38: -4 | AC38: Delivered Early | AD38: Accepted | AE38: Pending | AF38: Advance | AG38: Courier | AH38: Bollore Logistics | AI38: fob | AJ38: N/A | AK38: 3 | AL38: Warehouse Scan | AM38: N/A
A39: PO-2026-00038 | B39: ORD-739791 | C39: 46119 | D39: 46134 | E39: 46142 | F39: SUP-002 | G39: Kentech | H39: Kenya | I39: Dar es Salaam Port | J39: Electronics | K39: SKU-ELE-619 | L39: Power Adapter | M39: 885.65 | N39: ZAR | O39: =_xlfn.XLOOKUP(Supplier_Perf_Table[[#This Row],[Currency]],'Comments 2'!$C$4:$C$16,'Comments 2'!$D$4:$D$16) -> 0.061 | P39: =IFERROR(Supplier_Perf_Table[[#This Row],[Unit_Cost]]*Supplier_Perf_Table[[#This Row],[Dollar Equivalent]],"") -> 54.02465 | Q39: 500 | R39: 442825 | S39: =Supplier_Perf_Table[[#This Row],[Unit_Cost]]*Supplier_Perf_Table[[#This Row],[Order_Quantity]] -> 442825 | T39: =IFERROR(Supplier_Perf_Table[[#This Row],[Dollar Equivalent]]*Supplier_Perf_Table[[#This Row],[Ordered_Value]],"") -> 27012.325 | U39: 8 | V39: 0.016 | W39: 23 | X39: =IFERROR(Supplier_Perf_Table[[#This Row],[Actual_Delivery_Date]]-Supplier_Perf_Table[[#This Row],[Order Date]],"") -> 23 | Y39: 15 | Z39: =IFERROR(Supplier_Perf_Table[[#This Row],[Expected Delivery_Date]]-Supplier_Perf_Table[[#This Row],[Order Date]],"") -> 15 | AA39: =Supplier_Perf_Table[[#This Row],[Calculated_Lead_Time2]]-Supplier_Perf_Table[[#This Row],[Calculated_Expected_Lead_Time]] -> 8 | AB39: 8 | AC39: Very Late | AD39: Accepted | AE39: Matched | AF39: Net 30 | AG39: Courier | AH39: Local Truck Partner | AI39: N/A | AJ39: N/A | AK39: 1.6 | AL39: Legacy CSV | AM39: Late delivery
A40: PO-2026-00039 | B40: ORD-934912 | C40: 46152 | D40: 46158 | E40: 46163 | F40: SUP-001 | G40: Primesteel | H40: Nigeria | I40: Nairobi DC | J40: Metals | K40: SKU-MET-507 | L40: Aluminium Sheet | M40: 3265.48 | N40: USD | O40: =_xlfn.XLOOKUP(Supplier_Perf_Table[[#This Row],[Currency]],'Comments 2'!$C$4:$C$16,'Comments 2'!$D$4:$D$16) -> 1 | P40: =IFERROR(Supplier_Perf_Table[[#This Row],[Unit_Cost]]*Supplier_Perf_Table[[#This Row],[Dollar Equivalent]],"") -> 3265.48 | Q40: 500 | R40: 1632740 | S40: =Supplier_Perf_Table[[#This Row],[Unit_Cost]]*Supplier_Perf_Table[[#This Row],[Order_Quantity]] -> 1632740 | T40: =IFERROR(Supplier_Perf_Table[[#This Row],[Dollar Equivalent]]*Supplier_Perf_Table[[#This Row],[Ordered_Value]],"") -> 1632740 | U40: 25 | V40: 0.05 | W40: 11 | X40: =IFERROR(Supplier_Perf_Table[[#This Row],[Actual_Delivery_Date]]-Supplier_Perf_Table[[#This Row],[Order Date]],"") -> 11 | Y40: 6 | Z40: =IFERROR(Supplier_Perf_Table[[#This Row],[Expected Delivery_Date]]-Supplier_Perf_Table[[#This Row],[Order Date]],"") -> 6 | AA40: =Supplier_Perf_Table[[#This Row],[Calculated_Lead_Time2]]-Supplier_Perf_Table[[#This Row],[Calculated_Expected_Lead_Time]] -> 5 | AB40: 5 | AC40: Late | AD40: Hold | AE40: Not Stated | AF40: COD | AG40: Air | AH40: No Carrier Listed | AI40: fob | AJ40: Damaged packaging | AK40: -1 | AL40: Supplier Portal | AM40: Late delivery; Quality issue; Invoice issue
A41: PO-2026-00040 | B41: ORD-143438 | C41: 46160 | D41: 46173 | E41: 46180 | F41: SUP-009 | G41: Mombasa | H41: Kenya | I41: Accra Hub | J41: Electronics | K41: SKU-ELE-591 | L41: Power Adapter | M41: 530.06 | N41: GHS | O41: =_xlfn.XLOOKUP(Supplier_Perf_Table[[#This Row],[Currency]],'Comments 2'!$C$4:$C$16,'Comments 2'!$D$4:$D$16) -> 0.089 | P41: =IFERROR(Supplier_Perf_Table[[#This Row],[Unit_Cost]]*Supplier_Perf_Table[[#This Row],[Dollar Equivalent]],"") -> 47.17534 | Q41: 250 | R41: 132515 | S41: =Supplier_Perf_Table[[#This Row],[Unit_Cost]]*Supplier_Perf_Table[[#This Row],[Order_Quantity]] -> 132515 | T41: =IFERROR(Supplier_Perf_Table[[#This Row],[Dollar Equivalent]]*Supplier_Perf_Table[[#This Row],[Ordered_Value]],"") -> 11793.835 | U41: 7 | V41: 0.028 | W41: 20 | X41: =IFERROR(Supplier_Perf_Table[[#This Row],[Actual_Delivery_Date]]-Supplier_Perf_Table[[#This Row],[Order Date]],"") -> 20 | Y41: 13 | Z41: =IFERROR(Supplier_Perf_Table[[#This Row],[Expected Delivery_Date]]-Supplier_Perf_Table[[#This Row],[Order Date]],"") -> 13 | AA41: =Supplier_Perf_Table[[#This Row],[Calculated_Lead_Time2]]-Supplier_Perf_Table[[#This Row],[Calculated_Expected_Lead_Time]] -> 7 | AB41: 7 | AC41: Late | AD41: Accepted | AE41: Matched | AF41: Net 45 | AG41: Sea | AH41: No Carrier Listed | AI41: fob | AJ41: N/A | AK41: 2.2 | AL41: Email Invoice | AM41: Late delivery
A42: PO-2026-00041 | B42: ORD-558816 | C42: 46188 | D42: 46205 | E42: 46205 | F42: SUP-004 | G42: Nile | H42: Egypt | I42: Port Harcourt Warehouse | J42: Textiles | K42: SKU-TEX-651 | L42: Polyester Roll | M42: 785.86 | N42: EGP | O42: =_xlfn.XLOOKUP(Supplier_Perf_Table[[#This Row],[Currency]],'Comments 2'!$C$4:$C$16,'Comments 2'!$D$4:$D$16) -> 0.019 | P42: =IFERROR(Supplier_Perf_Table[[#This Row],[Unit_Cost]]*Supplier_Perf_Table[[#This Row],[Dollar Equivalent]],"") -> 14.93134 | Q42: 500 | R42: 392930 | S42: =Supplier_Perf_Table[[#This Row],[Unit_Cost]]*Supplier_Perf_Table[[#This Row],[Order_Quantity]] -> 392930 | T42: =IFERROR(Supplier_Perf_Table[[#This Row],[Dollar Equivalent]]*Supplier_Perf_Table[[#This Row],[Ordered_Value]],"") -> 7465.67 | U42: 26 | V42: 0.052 | W42: 17 | X42: =IFERROR(Supplier_Perf_Table[[#This Row],[Actual_Delivery_Date]]-Supplier_Perf_Table[[#This Row],[Order Date]],"") -> 17 | Y42: 17 | Z42: =IFERROR(Supplier_Perf_Table[[#This Row],[Expected Delivery_Date]]-Supplier_Perf_Table[[#This Row],[Order Date]],"") -> 17 | AA42: =Supplier_Perf_Table[[#This Row],[Calculated_Lead_Time2]]-Supplier_Perf_Table[[#This Row],[Calculated_Expected_Lead_Time]] -> 0 | AB42: 0 | AC42: On Time | AD42: Hold | AE42: Disputed | AF42: Advance | AG42: Not Stated | AH42: Bollore Logistics | AI42: N/A | AJ42: High defect rate | AK42: 1.2 | AL42: ERP | AM42: Quality issue; Invoice issue
A43: PO-2026-00042 | B43: ORD-673944 | C43: 46168 | D43: 46172 | E43: 46180 | F43: SUP-003 | G43: Sahara | H43: Nigeria | I43: Abuja Plant | J43: Packaging | K43: SKU-PAC-153 | L43: Corrugated Box | N43: GHS | O43: =_xlfn.XLOOKUP(Supplier_Perf_Table[[#This Row],[Currency]],'Comments 2'!$C$4:$C$16,'Comments 2'!$D$4:$D$16) -> 0.089 | P43: =IFERROR(Supplier_Perf_Table[[#This Row],[Unit_Cost]]*Supplier_Perf_Table[[#This Row],[Dollar Equivalent]],"") | R43: 11792 | S43: =Supplier_Perf_Table[[#This Row],[Unit_Cost]]*Supplier_Perf_Table[[#This Row],[Order_Quantity]] -> #VALUE! | T43: =IFERROR(Supplier_Perf_Table[[#This Row],[Dollar Equivalent]]*Supplier_Perf_Table[[#This Row],[Ordered_Value]],"") -> 1049.488 | U43: 0 | V43: 0 | W43: 12 | X43: =IFERROR(Supplier_Perf_Table[[#This Row],[Actual_Delivery_Date]]-Supplier_Perf_Table[[#This Row],[Order Date]],"") -> 12 | Y43: 4 | Z43: =IFERROR(Supplier_Perf_Table[[#This Row],[Expected Delivery_Date]]-Supplier_Perf_Table[[#This Row],[Order Date]],"") -> 4 | AA43: =Supplier_Perf_Table[[#This Row],[Calculated_Lead_Time2]]-Supplier_Perf_Table[[#This Row],[Calculated_Expected_Lead_Time]] -> 8 | AC43: Late | AD43: Accepted | AE43: Pending | AF43: Advance | AG43: Road | AH43: Bollore Logistics | AI43: N/A | AJ43: N/A | AK43: 3.3 | AL43: Legacy CSV | AM43: Late delivery
A44: PO-2026-00043 | B44: ORD-766386 | C44: 46174 | D44: 46194 | E44: 46201 | F44: SUP-004 | G44: Nile | H44: Egypt | I44: Dar es Salaam Port | J44: Textiles | K44: SKU-TEX-976 | L44: Label Tape | M44: 72.87 | N44: ngn | O44: =_xlfn.XLOOKUP(Supplier_Perf_Table[[#This Row],[Currency]],'Comments 2'!$C$4:$C$16,'Comments 2'!$D$4:$D$16) -> 0.00073 | P44: =IFERROR(Supplier_Perf_Table[[#This Row],[Unit_Cost]]*Supplier_Perf_Table[[#This Row],[Dollar Equivalent]],"") -> 0.0531951 | Q44: 750 | R44: 54652.5 | S44: =Supplier_Perf_Table[[#This Row],[Unit_Cost]]*Supplier_Perf_Table[[#This Row],[Order_Quantity]] -> 54652.5 | T44: =IFERROR(Supplier_Perf_Table[[#This Row],[Dollar Equivalent]]*Supplier_Perf_Table[[#This Row],[Ordered_Value]],"") -> 39.896325 | U44: 30 | V44: 0.04 | W44: 27 | X44: =IFERROR(Supplier_Perf_Table[[#This Row],[Actual_Delivery_Date]]-Supplier_Perf_Table[[#This Row],[Order Date]],"") -> 27 | Y44: 20 | Z44: =IFERROR(Supplier_Perf_Table[[#This Row],[Expected Delivery_Date]]-Supplier_Perf_Table[[#This Row],[Order Date]],"") -> 20 | AA44: =Supplier_Perf_Table[[#This Row],[Calculated_Lead_Time2]]-Supplier_Perf_Table[[#This Row],[Calculated_Expected_Lead_Time]] -> 7 | AB44: 7 | AC44: Severely Delayed | AD44: Accepted | AE44: Disputed | AF44: Net 30 | AG44: Road | AH44: Maersk | AI44: DDP | AJ44: N/A | AK44: 1.4 | AL44: Legacy CSV | AM44: Late delivery; Invoice issue
A45: PO-2026-00044 | B45: ORD-537224 | C45: 46073 | D45: 46084 | E45: 46077 | F45: SUP-006 | G45: AccraAI | H45: Ghana | I45: Dar es Salaam Port | J45: Raw Materials | K45: SKU-RAW-659 | L45: Agro Binder | M45: 79.2 | N45: KES | O45: =_xlfn.XLOOKUP(Supplier_Perf_Table[[#This Row],[Currency]],'Comments 2'!$C$4:$C$16,'Comments 2'!$D$4:$D$16) -> 0.0077 | P45: =IFERROR(Supplier_Perf_Table[[#This Row],[Unit_Cost]]*Supplier_Perf_Table[[#This Row],[Dollar Equivalent]],"") -> 0.60984 | Q45: 750 | R45: 59400 | S45: =Supplier_Perf_Table[[#This Row],[Unit_Cost]]*Supplier_Perf_Table[[#This Row],[Order_Quantity]] -> 59400 | T45: =IFERROR(Supplier_Perf_Table[[#This Row],[Dollar Equivalent]]*Supplier_Perf_Table[[#This Row],[Ordered_Value]],"") -> 457.38 | U45: 36 | V45: 0.048 | W45: 4 | X45: =IFERROR(Supplier_Perf_Table[[#This Row],[Actual_Delivery_Date]]-Supplier_Perf_Table[[#This Row],[Order Date]],"") -> 4 | Y45: 11 | Z45: =IFERROR(Supplier_Perf_Table[[#This Row],[Expected Delivery_Date]]-Supplier_Perf_Table[[#This Row],[Order Date]],"") -> 11 | AA45: =Supplier_Perf_Table[[#This Row],[Calculated_Lead_Time2]]-Supplier_Perf_Table[[#This Row],[Calculated_Expected_Lead_Time]] -> -7 | AB45: -7 | AC45: On Time | AD45: Hold | AE45: Matched | AF45: COD | AG45: Courier | AH45: Local Truck Partner | AI45: FOB | AJ45: Missing certificate | AK45: 1.7 | AL45: Warehouse Scan | AM45: Quality issue
A46: PO-2026-00045 | B46: ORD-525884 | C46: 46148 | D46: 46166 | E46: 46180 | F46: SUP-013 | G46: Casablanca | H46: Morocco | I46: Kampala Warehouse | J46: Electronics | K46: SKU-ELE-825 | L46: Power Adapter | M46: 2231.93 | N46: ZAR | O46: =_xlfn.XLOOKUP(Supplier_Perf_Table[[#This Row],[Currency]],'Comments 2'!$C$4:$C$16,'Comments 2'!$D$4:$D$16) -> 0.061 | P46: =IFERROR(Supplier_Perf_Table[[#This Row],[Unit_Cost]]*Supplier_Perf_Table[[#This Row],[Dollar Equivalent]],"") -> 136.14773 | Q46: 500 | R46: 1115965 | S46: =Supplier_Perf_Table[[#This Row],[Unit_Cost]]*Supplier_Perf_Table[[#This Row],[Order_Quantity]] -> 1115965 | T46: =IFERROR(Supplier_Perf_Table[[#This Row],[Dollar Equivalent]]*Supplier_Perf_Table[[#This Row],[Ordered_Value]],"") -> 68073.865 | U46: 4 | V46: 0.008 | W46: 32 | X46: =IFERROR(Supplier_Perf_Table[[#This Row],[Actual_Delivery_Date]]-Supplier_Perf_Table[[#This Row],[Order Date]],"") -> 32 | Y46: 18 | Z46: =IFERROR(Supplier_Perf_Table[[#This Row],[Expected Delivery_Date]]-Supplier_Perf_Table[[#This Row],[Order Date]],"") -> 18 | AA46: =Supplier_Perf_Table[[#This Row],[Calculated_Lead_Time2]]-Supplier_Perf_Table[[#This Row],[Calculated_Expected_Lead_Time]] -> 14 | AB46: 14 | AC46: Very Late | AD46: Accepted | AE46: Missing Invoice | AF46: Net 30 | AG46: Not Stated | AH46: Maersk | AI46: DDP | AJ46: N/A | AK46: 2 | AL46: Supplier Portal | AM46: Late delivery; Invoice issue
A47: PO-2026-00046 | B47: ORD-721440 | C47: 46059 | D47: 46082 | E47: 46092 | F47: SUP-005 | G47: Cape | H47: South Africa | I47: Cape Town Plant | J47: Industrial Supplies | K47: SKU-IND-280 | L47: Safety Gloves | M47: 211.15 | N47: ZAR | O47: =_xlfn.XLOOKUP(Supplier_Perf_Table[[#This Row],[Currency]],'Comments 2'!$C$4:$C$16,'Comments 2'!$D$4:$D$16) -> 0.061 | P47: =IFERROR(Supplier_Perf_Table[[#This Row],[Unit_Cost]]*Supplier_Perf_Table[[#This Row],[Dollar Equivalent]],"") -> 12.88015 | Q47: 2000 | R47: 422300 | S47: =Supplier_Perf_Table[[#This Row],[Unit_Cost]]*Supplier_Perf_Table[[#This Row],[Order_Quantity]] -> 422300 | T47: =IFERROR(Supplier_Perf_Table[[#This Row],[Dollar Equivalent]]*Supplier_Perf_Table[[#This Row],[Ordered_Value]],"") -> 25760.3 | U47: 9 | V47: 0.0045 | X47: =IFERROR(Supplier_Perf_Table[[#This Row],[Actual_Delivery_Date]]-Supplier_Perf_Table[[#This Row],[Order Date]],"") -> 33 | Y47: 23 | Z47: =IFERROR(Supplier_Perf_Table[[#This Row],[Expected Delivery_Date]]-Supplier_Perf_Table[[#This Row],[Order Date]],"") -> 23 | AA47: =Supplier_Perf_Table[[#This Row],[Calculated_Lead_Time2]]-Supplier_Perf_Table[[#This Row],[Calculated_Expected_Lead_Time]] -> 10 | AB47: 10 | AC47: Very Late | AD47: Accepted | AE47: Pending | AF47: 50% Advance / 50% Delivery | AG47: Sea | AH47: Bollore Logistics | AI47: EXW | AJ47: N/A | AK47: 1.7 | AL47: Manual Excel Upload | AM47: Late delivery
A48: PO-2026-00047 | B48: ORD-758310 | C48: 46045 | D48: 46063 | E48: 46071 | F48: SUP-007 | G48: Dar | H48: Tanzania | I48: Port Harcourt Warehouse | J48: Electronics | K48: SKU-ELE-496 | L48: Sensor Module | M48: 2274.23 | N48: ZAR | O48: =_xlfn.XLOOKUP(Supplier_Perf_Table[[#This Row],[Currency]],'Comments 2'!$C$4:$C$16,'Comments 2'!$D$4:$D$16) -> 0.061 | P48: =IFERROR(Supplier_Perf_Table[[#This Row],[Unit_Cost]]*Supplier_Perf_Table[[#This Row],[Dollar Equivalent]],"") -> 138.72803 | Q48: 200 | R48: 454846 | S48: =Supplier_Perf_Table[[#This Row],[Unit_Cost]]*Supplier_Perf_Table[[#This Row],[Order_Quantity]] -> 454846 | T48: =IFERROR(Supplier_Perf_Table[[#This Row],[Dollar Equivalent]]*Supplier_Perf_Table[[#This Row],[Ordered_Value]],"") -> 27745.606 | U48: 0 | V48: 0 | W48: 26 | X48: =IFERROR(Supplier_Perf_Table[[#This Row],[Actual_Delivery_Date]]-Supplier_Perf_Table[[#This Row],[Order Date]],"") -> 26 | Y48: 18 | Z48: =IFERROR(Supplier_Perf_Table[[#This Row],[Expected Delivery_Date]]-Supplier_Perf_Table[[#This Row],[Order Date]],"") -> 18 | AA48: =Supplier_Perf_Table[[#This Row],[Calculated_Lead_Time2]]-Supplier_Perf_Table[[#This Row],[Calculated_Expected_Lead_Time]] -> 8 | AC48: Late | AD48: Accepted | AE48: Matched | AF48: Net 45 | AG48: Not Stated | AH48: No Carrier Listed | AI48: N/A | AJ48: N/A | AK48: 2 | AL48: Legacy CSV | AM48: Late delivery
A49: PO-2026-00048 | B49: ORD-353449 | C49: 46032 | D49: 46049 | E49: 46053 | F49: SUP-009 | G49: Mombasa | H49: Kenya | I49: Kigali Assembly | J49: Packaging | K49: SKU-PAC-146 | L49: Shipping Carton | M49: 111.49 | N49: EGP | O49: =_xlfn.XLOOKUP(Supplier_Perf_Table[[#This Row],[Currency]],'Comments 2'!$C$4:$C$16,'Comments 2'!$D$4:$D$16) -> 0.019 | P49: =IFERROR(Supplier_Perf_Table[[#This Row],[Unit_Cost]]*Supplier_Perf_Table[[#This Row],[Dollar Equivalent]],"") -> 2.11831 | Q49: 750 | R49: 83617.5 | S49: =Supplier_Perf_Table[[#This Row],[Unit_Cost]]*Supplier_Perf_Table[[#This Row],[Order_Quantity]] -> 83617.5 | T49: =IFERROR(Supplier_Perf_Table[[#This Row],[Dollar Equivalent]]*Supplier_Perf_Table[[#This Row],[Ordered_Value]],"") -> 1588.7325 | U49: 32 | V49: 0.0427 | W49: 21 | X49: =IFERROR(Supplier_Perf_Table[[#This Row],[Actual_Delivery_Date]]-Supplier_Perf_Table[[#This Row],[Order Date]],"") -> 21 | Y49: 17 | Z49: =IFERROR(Supplier_Perf_Table[[#This Row],[Expected Delivery_Date]]-Supplier_Perf_Table[[#This Row],[Order Date]],"") -> 17 | AA49: =Supplier_Perf_Table[[#This Row],[Calculated_Lead_Time2]]-Supplier_Perf_Table[[#This Row],[Calculated_Expected_Lead_Time]] -> 4 | AB49: 4 | AC49: Very Late | AD49: Hold | AE49: Pending | AF49: COD | AG49: Rail | AH49: DHL | AI49: DDP | AJ49: Damaged packaging | AK49: 3.2 | AL49: Supplier Portal | AM49: Late delivery; Quality issue
A50: PO-2026-00009 | B50: ORD-110052 | C50: 46138 | D50: 46147 | E50: 46147 | F50: SUP-001 | G50: Primesteel | H50: Nigeria | I50: Kampala Warehouse | J50: Machinery Parts | K50: SKU-MAC-832 | L50: Bearing Set | M50: 247.1 | N50: ZAR | O50: =_xlfn.XLOOKUP(Supplier_Perf_Table[[#This Row],[Currency]],'Comments 2'!$C$4:$C$16,'Comments 2'!$D$4:$D$16) -> 0.061 | P50: =IFERROR(Supplier_Perf_Table[[#This Row],[Unit_Cost]]*Supplier_Perf_Table[[#This Row],[Dollar Equivalent]],"") -> 15.0731 | Q50: 75 | R50: 18532.5 | S50: =Supplier_Perf_Table[[#This Row],[Unit_Cost]]*Supplier_Perf_Table[[#This Row],[Order_Quantity]] -> 18532.5 | T50: =IFERROR(Supplier_Perf_Table[[#This Row],[Dollar Equivalent]]*Supplier_Perf_Table[[#This Row],[Ordered_Value]],"") -> 1130.4825 | U50: 1 | V50: 0.0133 | W50: 9 | X50: =IFERROR(Supplier_Perf_Table[[#This Row],[Actual_Delivery_Date]]-Supplier_Perf_Table[[#This Row],[Order Date]],"") -> 9 | Y50: 9 | Z50: =IFERROR(Supplier_Perf_Table[[#This Row],[Expected Delivery_Date]]-Supplier_Perf_Table[[#This Row],[Order Date]],"") -> 9 | AA50: =Supplier_Perf_Table[[#This Row],[Calculated_Lead_Time2]]-Supplier_Perf_Table[[#This Row],[Calculated_Expected_Lead_Time]] -> 0 | AB50: 0 | AC50: Delivered Early | AD50: Accepted | AE50: Disputed | AF50: Net 45 | AG50: Sea | AH50: Maersk | AI50: DDP | AJ50: N/A | AK50: 3.8 | AL50: Email Invoice | AM50: Invoice issue
A51: PO-2026-00050 | B51: ORD-208395 | C51: 46191 | D51: 46205 | E51: 46202 | F51: SUP-006 | G51: AccraAI | H51: Ghana | I51: Nairobi DC | J51: Packaging | K51: SKU-PAC-769 | L51: Corrugated Box | M51: 496.7 | N51: EGP | O51: =_xlfn.XLOOKUP(Supplier_Perf_Table[[#This Row],[Currency]],'Comments 2'!$C$4:$C$16,'Comments 2'!$D$4:$D$16) -> 0.019 | P51: =IFERROR(Supplier_Perf_Table[[#This Row],[Unit_Cost]]*Supplier_Perf_Table[[#This Row],[Dollar Equivalent]],"") -> 9.4373 | Q51: 75 | R51: 37252.5 | S51: =Supplier_Perf_Table[[#This Row],[Unit_Cost]]*Supplier_Perf_Table[[#This Row],[Order_Quantity]] -> 37252.5 | T51: =IFERROR(Supplier_Perf_Table[[#This Row],[Dollar Equivalent]]*Supplier_Perf_Table[[#This Row],[Ordered_Value]],"") -> 707.7975 | U51: 0 | V51: 0 | W51: 11 | X51: =IFERROR(Supplier_Perf_Table[[#This Row],[Actual_Delivery_Date]]-Supplier_Perf_Table[[#This Row],[Order Date]],"") -> 11 | Y51: 14 | Z51: =IFERROR(Supplier_Perf_Table[[#This Row],[Expected Delivery_Date]]-Supplier_Perf_Table[[#This Row],[Order Date]],"") -> 14 | AA51: =Supplier_Perf_Table[[#This Row],[Calculated_Lead_Time2]]-Supplier_Perf_Table[[#This Row],[Calculated_Expected_Lead_Time]] -> -3 | AB51: -3 | AC51: On Time | AD51: Accepted | AE51: Not Stated | AF51: COD | AG51: Air | AH51: No Carrier Listed | AI51: DDP | AJ51: N/A | AK51: 3.3 | AL51: Legacy CSV | AM51: Invoice issue
A52: PO-2026-00051 | B52: ORD-292989 | C52: 46053 | D52: 46061 | E52: 46065 | F52: SUP-006 | G52: AccraAI | H52: Ghana | I52: Kampala Warehouse | J52: Raw Materials | K52: SKU-RAW-117 | L52: Input Granules | M52: 672.03 | N52: USD | O52: =_xlfn.XLOOKUP(Supplier_Perf_Table[[#This Row],[Currency]],'Comments 2'!$C$4:$C$16,'Comments 2'!$D$4:$D$16) -> 1 | P52: =IFERROR(Supplier_Perf_Table[[#This Row],[Unit_Cost]]*Supplier_Perf_Table[[#This Row],[Dollar Equivalent]],"") -> 672.03 | Q52: 200 | R52: 134406 | S52: =Supplier_Perf_Table[[#This Row],[Unit_Cost]]*Supplier_Perf_Table[[#This Row],[Order_Quantity]] -> 134406 | T52: =IFERROR(Supplier_Perf_Table[[#This Row],[Dollar Equivalent]]*Supplier_Perf_Table[[#This Row],[Ordered_Value]],"") -> 134406 | U52: 3 | V52: 0.015 | W52: 12 | X52: =IFERROR(Supplier_Perf_Table[[#This Row],[Actual_Delivery_Date]]-Supplier_Perf_Table[[#This Row],[Order Date]],"") -> 12 | Y52: 8 | Z52: =IFERROR(Supplier_Perf_Table[[#This Row],[Expected Delivery_Date]]-Supplier_Perf_Table[[#This Row],[Order Date]],"") -> 8 | AA52: =Supplier_Perf_Table[[#This Row],[Calculated_Lead_Time2]]-Supplier_Perf_Table[[#This Row],[Calculated_Expected_Lead_Time]] -> 4 | AB52: 4 | AC52: Severely Delayed | AD52: Accepted | AE52: Matched | AF52: Net 30 | AG52: Air | AH52: Maersk | AI52: CIF | AJ52: N/A | AK52: 2.6 | AL52: Legacy CSV | AM52: Late delivery
A53: PO-2026-00052 | B53: ORD-332376 | C53: 46191 | D53: 46201 | E53: 46197 | F53: SUP-015 | G53: Kampala | H53: Uganda | I53: Abuja Plant | J53: Packaging | K53: SKU-PAC-365 | L53: Shipping Carton | M53: 766.08 | N53: EGP | O53: =_xlfn.XLOOKUP(Supplier_Perf_Table[[#This Row],[Currency]],'Comments 2'!$C$4:$C$16,'Comments 2'!$D$4:$D$16) -> 0.019 | P53: =IFERROR(Supplier_Perf_Table[[#This Row],[Unit_Cost]]*Supplier_Perf_Table[[#This Row],[Dollar Equivalent]],"") -> 14.55552 | Q53: 75 | R53: 57456 | S53: =Supplier_Perf_Table[[#This Row],[Unit_Cost]]*Supplier_Perf_Table[[#This Row],[Order_Quantity]] -> 57456 | T53: =IFERROR(Supplier_Perf_Table[[#This Row],[Dollar Equivalent]]*Supplier_Perf_Table[[#This Row],[Ordered_Value]],"") -> 1091.664 | U53: 0 | V53: 0 | W53: 6 | X53: =IFERROR(Supplier_Perf_Table[[#This Row],[Actual_Delivery_Date]]-Supplier_Perf_Table[[#This Row],[Order Date]],"") -> 6 | Y53: 10 | Z53: =IFERROR(Supplier_Perf_Table[[#This Row],[Expected Delivery_Date]]-Supplier_Perf_Table[[#This Row],[Order Date]],"") -> 10 | AA53: =Supplier_Perf_Table[[#This Row],[Calculated_Lead_Time2]]-Supplier_Perf_Table[[#This Row],[Calculated_Expected_Lead_Time]] -> -4 | AB53: -4 | AC53: On Time | AD53: Accepted | AE53: Matched | AF53: Net 30 | AG53: Sea | AH53: GIG Logistics | AI53: DDP | AJ53: N/A | AK53: 3.9 | AL53: Legacy CSV | AM53: N/A
A54: PO-2026-00053 | B54: ORD-850933 | C54: 46035 | D54: 46053 | E54: 46064 | F54: SUP-004 | G54: Nile | H54: Egypt | I54: Kigali Assembly | J54: Textiles | K54: SKU-TEX-873 | L54: Polyester Roll | M54: 651.68 | N54: KES | O54: =_xlfn.XLOOKUP(Supplier_Perf_Table[[#This Row],[Currency]],'Comments 2'!$C$4:$C$16,'Comments 2'!$D$4:$D$16) -> 0.0077 | P54: =IFERROR(Supplier_Perf_Table[[#This Row],[Unit_Cost]]*Supplier_Perf_Table[[#This Row],[Dollar Equivalent]],"") -> 5.017936 | Q54: 75 | R54: 48876 | S54: =Supplier_Perf_Table[[#This Row],[Unit_Cost]]*Supplier_Perf_Table[[#This Row],[Order_Quantity]] -> 48876 | T54: =IFERROR(Supplier_Perf_Table[[#This Row],[Dollar Equivalent]]*Supplier_Perf_Table[[#This Row],[Ordered_Value]],"") -> 376.3452 | U54: 0 | V54: 0 | X54: =IFERROR(Supplier_Perf_Table[[#This Row],[Actual_Delivery_Date]]-Supplier_Perf_Table[[#This Row],[Order Date]],"") -> 29 | Y54: 18 | Z54: =IFERROR(Supplier_Perf_Table[[#This Row],[Expected Delivery_Date]]-Supplier_Perf_Table[[#This Row],[Order Date]],"") -> 18 | AA54: =Supplier_Perf_Table[[#This Row],[Calculated_Lead_Time2]]-Supplier_Perf_Table[[#This Row],[Calculated_Expected_Lead_Time]] -> 11 | AB54: 11 | AC54: Severely Delayed | AD54: Accepted | AE54: Disputed | AF54: COD | AG54: Sea | AH54: No Carrier Listed | AI54: EXW | AJ54: N/A | AK54: 3.3 | AL54: Manual Excel Upload | AM54: Late delivery; Invoice issue
A55: PO-2026-00054 | B55: ORD-187106 | C55: 46106 | D55: 46113 | E55: 46118 | F55: SUP-003 | G55: Sahara | H55: Nigeria | I55: Kampala Warehouse | J55: Packaging | K55: SKU-PAC-405 | L55: Shipping Carton | M55: 193.09 | N55: EGP | O55: =_xlfn.XLOOKUP(Supplier_Perf_Table[[#This Row],[Currency]],'Comments 2'!$C$4:$C$16,'Comments 2'!$D$4:$D$16) -> 0.019 | P55: =IFERROR(Supplier_Perf_Table[[#This Row],[Unit_Cost]]*Supplier_Perf_Table[[#This Row],[Dollar Equivalent]],"") -> 3.66871 | Q55: 500 | R55: 96545 | S55: =Supplier_Perf_Table[[#This Row],[Unit_Cost]]*Supplier_Perf_Table[[#This Row],[Order_Quantity]] -> 96545 | T55: =IFERROR(Supplier_Perf_Table[[#This Row],[Dollar Equivalent]]*Supplier_Perf_Table[[#This Row],[Ordered_Value]],"") -> 1834.355 | U55: 0 | V55: 0 | W55: 12 | X55: =IFERROR(Supplier_Perf_Table[[#This Row],[Actual_Delivery_Date]]-Supplier_Perf_Table[[#This Row],[Order Date]],"") -> 12 | Y55: 7 | Z55: =IFERROR(Supplier_Perf_Table[[#This Row],[Expected Delivery_Date]]-Supplier_Perf_Table[[#This Row],[Order Date]],"") -> 7 | AA55: =Supplier_Perf_Table[[#This Row],[Calculated_Lead_Time2]]-Supplier_Perf_Table[[#This Row],[Calculated_Expected_Lead_Time]] -> 5 | AB55: 5 | AC55: Very Late | AD55: Accepted | AE55: Not Stated | AF55: Net 30 | AG55: Road | AH55: DHL | AI55: CIF | AJ55: N/A | AK55: 4.2 | AL55: API Feed | AM55: Late delivery; Invoice issue
A56: PO-2026-00055 | B56: ORD-437184 | C56: 46098 | D56: 46115 | E56: 46124 | F56: SUP-013 | G56: Casablanca | H56: Morocco | I56: Port Harcourt Warehouse | J56: Raw Materials | K56: SKU-RAW-221 | L56: Chemical Additive | M56: 745.01 | N56: ZAR | O56: =_xlfn.XLOOKUP(Supplier_Perf_Table[[#This Row],[Currency]],'Comments 2'!$C$4:$C$16,'Comments 2'!$D$4:$D$16) -> 0.061 | P56: =IFERROR(Supplier_Perf_Table[[#This Row],[Unit_Cost]]*Supplier_Perf_Table[[#This Row],[Dollar Equivalent]],"") -> 45.44561 | Q56: 150 | R56: 111751.5 | S56: =Supplier_Perf_Table[[#This Row],[Unit_Cost]]*Supplier_Perf_Table[[#This Row],[Order_Quantity]] -> 111751.5 | T56: =IFERROR(Supplier_Perf_Table[[#This Row],[Dollar Equivalent]]*Supplier_Perf_Table[[#This Row],[Ordered_Value]],"") -> 6816.8415 | V56: 0.0067 | X56: =IFERROR(Supplier_Perf_Table[[#This Row],[Actual_Delivery_Date]]-Supplier_Perf_Table[[#This Row],[Order Date]],"") -> 26 | Y56: 17 | Z56: =IFERROR(Supplier_Perf_Table[[#This Row],[Expected Delivery_Date]]-Supplier_Perf_Table[[#This Row],[Order Date]],"") -> 17 | AA56: =Supplier_Perf_Table[[#This Row],[Calculated_Lead_Time2]]-Supplier_Perf_Table[[#This Row],[Calculated_Expected_Lead_Time]] -> 9 | AB56: 9 | AC56: Severely Delayed | AD56: Accepted | AE56: Not Stated | AF56: Not Stated | AG56: Courier | AH56: Local Truck Partner | AI56: FOB | AJ56: N/A | AK56: 2.9 | AL56: Legacy CSV | AM56: Late delivery; Invoice issue
A57: PO-2026-00056 | B57: ORD-407433 | C57: 46155 | D57: 46175 | E57: 46183 | F57: SUP-005 | G57: Cape | H57: South Africa | I57: Accra Hub | J57: Industrial Supplies | K57: SKU-IND-470 | L57: Lubricant Drum | M57: 408.48 | N57: GHS | O57: =_xlfn.XLOOKUP(Supplier_Perf_Table[[#This Row],[Currency]],'Comments 2'!$C$4:$C$16,'Comments 2'!$D$4:$D$16) -> 0.089 | P57: =IFERROR(Supplier_Perf_Table[[#This Row],[Unit_Cost]]*Supplier_Perf_Table[[#This Row],[Dollar Equivalent]],"") -> 36.35472 | Q57: 1000 | R57: 408480 | S57: =Supplier_Perf_Table[[#This Row],[Unit_Cost]]*Supplier_Perf_Table[[#This Row],[Order_Quantity]] -> 408480 | T57: =IFERROR(Supplier_Perf_Table[[#This Row],[Dollar Equivalent]]*Supplier_Perf_Table[[#This Row],[Ordered_Value]],"") -> 36354.72 | U57: 1016 | V57: 0.014 | W57: 28 | X57: =IFERROR(Supplier_Perf_Table[[#This Row],[Actual_Delivery_Date]]-Supplier_Perf_Table[[#This Row],[Order Date]],"") -> 28 | Y57: 20 | Z57: =IFERROR(Supplier_Perf_Table[[#This Row],[Expected Delivery_Date]]-Supplier_Perf_Table[[#This Row],[Order Date]],"") -> 20 | AA57: =Supplier_Perf_Table[[#This Row],[Calculated_Lead_Time2]]-Supplier_Perf_Table[[#This Row],[Calculated_Expected_Lead_Time]] -> 8 | AB57: 8 | AC57: Severely Delayed | AD57: Accepted | AE57: Not Stated | AF57: 50% Advance / 50% Delivery | AG57: Road | AH57: Kuehne+Nagel | AI57: EXW | AJ57: N/A | AK57: 1.8 | AL57: Manual Excel Upload | AM57: Late delivery; Invoice issue
A58: PO-2026-00057 | B58: ORD-915148 | C58: 46189 | D58: 46201 | E58: 46212 | F58: SUP-008 | G58: LagosPR | H58: Nigeria | I58: Kigali Assembly | J58: Textiles | K58: SKU-TEX-229 | L58: Uniform Material | M58: 507.98 | N58: GHS | O58: =_xlfn.XLOOKUP(Supplier_Perf_Table[[#This Row],[Currency]],'Comments 2'!$C$4:$C$16,'Comments 2'!$D$4:$D$16) -> 0.089 | P58: =IFERROR(Supplier_Perf_Table[[#This Row],[Unit_Cost]]*Supplier_Perf_Table[[#This Row],[Dollar Equivalent]],"") -> 45.21022 | Q58: 50 | R58: 25399 | S58: =Supplier_Perf_Table[[#This Row],[Unit_Cost]]*Supplier_Perf_Table[[#This Row],[Order_Quantity]] -> 25399 | T58: =IFERROR(Supplier_Perf_Table[[#This Row],[Dollar Equivalent]]*Supplier_Perf_Table[[#This Row],[Ordered_Value]],"") -> 2260.511 | U58: 3 | V58: 0.06 | W58: 23 | X58: =IFERROR(Supplier_Perf_Table[[#This Row],[Actual_Delivery_Date]]-Supplier_Perf_Table[[#This Row],[Order Date]],"") -> 23 | Y58: 12 | Z58: =IFERROR(Supplier_Perf_Table[[#This Row],[Expected Delivery_Date]]-Supplier_Perf_Table[[#This Row],[Order Date]],"") -> 12 | AA58: =Supplier_Perf_Table[[#This Row],[Calculated_Lead_Time2]]-Supplier_Perf_Table[[#This Row],[Calculated_Expected_Lead_Time]] -> 11 | AB58: 11 | AC58: Late | AD58: Hold | AE58: Matched | AF58: Net 30 | AG58: Air | AH58: Local Truck Partner | AI58: N/A | AJ58: High defect rate | AK58: 3.4 | AL58: Legacy CSV | AM58: Late delivery; Quality issue
A59: PO-2026-00058 | B59: ORD-213254 | C59: 46101 | D59: 46112 | E59: 46111 | F59: SUP-009 | G59: Mombasa | H59: Kenya | I59: Abuja Plant | J59: Industrial Supplies | K59: SKU-IND-447 | L59: Safety Gloves | M59: 510.27 | N59: EGP | O59: =_xlfn.XLOOKUP(Supplier_Perf_Table[[#This Row],[Currency]],'Comments 2'!$C$4:$C$16,'Comments 2'!$D$4:$D$16) -> 0.019 | P59: =IFERROR(Supplier_Perf_Table[[#This Row],[Unit_Cost]]*Supplier_Perf_Table[[#This Row],[Dollar Equivalent]],"") -> 9.69513 | Q59: 1000 | R59: 510270 | S59: =Supplier_Perf_Table[[#This Row],[Unit_Cost]]*Supplier_Perf_Table[[#This Row],[Order_Quantity]] -> 510270 | T59: =IFERROR(Supplier_Perf_Table[[#This Row],[Dollar Equivalent]]*Supplier_Perf_Table[[#This Row],[Ordered_Value]],"") -> 9695.13 | U59: 10 | V59: 0.01 | W59: 10 | X59: =IFERROR(Supplier_Perf_Table[[#This Row],[Actual_Delivery_Date]]-Supplier_Perf_Table[[#This Row],[Order Date]],"") -> 10 | Y59: 11 | Z59: =IFERROR(Supplier_Perf_Table[[#This Row],[Expected Delivery_Date]]-Supplier_Perf_Table[[#This Row],[Order Date]],"") -> 11 | AA59: =Supplier_Perf_Table[[#This Row],[Calculated_Lead_Time2]]-Supplier_Perf_Table[[#This Row],[Calculated_Expected_Lead_Time]] -> -1 | AB59: -1 | AC59: On Time | AD59: Accepted | AE59: Missing Invoice | AF59: Net 45 | AG59: Courier | AH59: Bollore Logistics | AI59: fob | AJ59: N/A | AK59: 4.8 | AL59: Manual Excel Upload | AM59: Invoice issue
A60: PO-2026-00059 | B60: ORD-458565 | C60: 46150 | D60: 46162 | E60: 46169 | F60: SUP-012 | G60: AbidjanCS | H60: Ivory Coast | I60: Kigali Assembly | J60: Industrial Supplies | K60: SKU-IND-690 | L60: Lubricant Drum | M60: 509.27 | N60: ZAR | O60: =_xlfn.XLOOKUP(Supplier_Perf_Table[[#This Row],[Currency]],'Comments 2'!$C$4:$C$16,'Comments 2'!$D$4:$D$16) -> 0.061 | P60: =IFERROR(Supplier_Perf_Table[[#This Row],[Unit_Cost]]*Supplier_Perf_Table[[#This Row],[Dollar Equivalent]],"") -> 31.06547 | Q60: 750 | R60: 381952.5 | S60: =Supplier_Perf_Table[[#This Row],[Unit_Cost]]*Supplier_Perf_Table[[#This Row],[Order_Quantity]] -> 381952.5 | T60: =IFERROR(Supplier_Perf_Table[[#This Row],[Dollar Equivalent]]*Supplier_Perf_Table[[#This Row],[Ordered_Value]],"") -> 23299.103 | U60: 56 | V60: 0.0747 | W60: 19 | X60: =IFERROR(Supplier_Perf_Table[[#This Row],[Actual_Delivery_Date]]-Supplier_Perf_Table[[#This Row],[Order Date]],"") -> 19 | Y60: 12 | Z60: =IFERROR(Supplier_Perf_Table[[#This Row],[Expected Delivery_Date]]-Supplier_Perf_Table[[#This Row],[Order Date]],"") -> 12 | AA60: =Supplier_Perf_Table[[#This Row],[Calculated_Lead_Time2]]-Supplier_Perf_Table[[#This Row],[Calculated_Expected_Lead_Time]] -> 7 | AB60: 7 | AC60: Severely Delayed | AD60: Hold | AE60: Pending | AF60: Advance | AG60: Air | AH60: Maersk | AI60: DDP | AJ60: High defect rate | AK60: 1.3 | AL60: Email Invoice | AM60: Late delivery; Quality issue
A61: PO-2026-00060 | B61: ORD-969273 | C61: 46108 | D61: 46113 | E61: 46116 | F61: SUP-003 | G61: Sahara | H61: Nigeria | I61: Accra Hub | J61: Packaging | K61: SKU-PAC-844 | L61: Bottle Caps | M61: 693.41 | N61: NGN | O61: =_xlfn.XLOOKUP(Supplier_Perf_Table[[#This Row],[Currency]],'Comments 2'!$C$4:$C$16,'Comments 2'!$D$4:$D$16) -> 0.00073 | P61: =IFERROR(Supplier_Perf_Table[[#This Row],[Unit_Cost]]*Supplier_Perf_Table[[#This Row],[Dollar Equivalent]],"") -> 0.5061893 | Q61: 75 | R61: 52005.75 | S61: =Supplier_Perf_Table[[#This Row],[Unit_Cost]]*Supplier_Perf_Table[[#This Row],[Order_Quantity]] -> 52005.75 | T61: =IFERROR(Supplier_Perf_Table[[#This Row],[Dollar Equivalent]]*Supplier_Perf_Table[[#This Row],[Ordered_Value]],"") -> 37.964197 | U61: 1 | V61: 0.0133 | W61: 8 | X61: =IFERROR(Supplier_Perf_Table[[#This Row],[Actual_Delivery_Date]]-Supplier_Perf_Table[[#This Row],[Order Date]],"") -> 8 | Y61: 5 | Z61: =IFERROR(Supplier_Perf_Table[[#This Row],[Expected Delivery_Date]]-Supplier_Perf_Table[[#This Row],[Order Date]],"") -> 5 | AA61: =Supplier_Perf_Table[[#This Row],[Calculated_Lead_Time2]]-Supplier_Perf_Table[[#This Row],[Calculated_Expected_Lead_Time]] -> 3 | AB61: 3 | AC61: Delayed | AD61: Accepted | AE61: Disputed | AF61: Net 45 | AG61: Air | AH61: Kuehne+Nagel | AI61: fob | AJ61: N/A | AK61: 3.7 | AL61: Warehouse Scan | AM61: Missing/invalid supplier ID; Late delivery; Invoice issue
A62: PO-2026-00061 | B62: ORD-643588 | C62: 46187 | D62: 46204 | E62: 46199 | F62: SUP-002 | G62: Kentech | H62: Kenya | I62: Dar es Salaam Port | J62: Electronics | K62: SKU-ELE-111 | L62: LED Driver | M62: 947.08 | N62: KES | O62: =_xlfn.XLOOKUP(Supplier_Perf_Table[[#This Row],[Currency]],'Comments 2'!$C$4:$C$16,'Comments 2'!$D$4:$D$16) -> 0.0077 | P62: =IFERROR(Supplier_Perf_Table[[#This Row],[Unit_Cost]]*Supplier_Perf_Table[[#This Row],[Dollar Equivalent]],"") -> 7.292516 | Q62: 1000 | R62: 0 | S62: =Supplier_Perf_Table[[#This Row],[Unit_Cost]]*Supplier_Perf_Table[[#This Row],[Order_Quantity]] -> 947080 | T62: =IFERROR(Supplier_Perf_Table[[#This Row],[Dollar Equivalent]]*Supplier_Perf_Table[[#This Row],[Ordered_Value]],"") -> 0 | U62: 0 | V62: 0 | W62: 12 | X62: =IFERROR(Supplier_Perf_Table[[#This Row],[Actual_Delivery_Date]]-Supplier_Perf_Table[[#This Row],[Order Date]],"") -> 12 | Z62: =IFERROR(Supplier_Perf_Table[[#This Row],[Expected Delivery_Date]]-Supplier_Perf_Table[[#This Row],[Order Date]],"") -> 17 | AA62: =Supplier_Perf_Table[[#This Row],[Calculated_Lead_Time2]]-Supplier_Perf_Table[[#This Row],[Calculated_Expected_Lead_Time]] -> -5 | AC62: On Time | AD62: Accepted | AE62: Missing Invoice | AF62: Net 30 | AG62: Road | AH62: No Carrier Listed | AI62: fob | AJ62: N/A | AK62: 4.1 | AL62: API Feed | AM62: Invoice issue
A63: PO-2026-00062 | B63: ORD-940008 | C63: 46135 | D63: 46144 | E63: 46158 | F63: SUP-011 | G63: Kigali | H63: Rwanda | I63: Nairobi DC | J63: Raw Materials | K63: SKU-RAW-644 | L63: Input Granules | M63: 515.38 | N63: NGN | O63: =_xlfn.XLOOKUP(Supplier_Perf_Table[[#This Row],[Currency]],'Comments 2'!$C$4:$C$16,'Comments 2'!$D$4:$D$16) -> 0.00073 | P63: =IFERROR(Supplier_Perf_Table[[#This Row],[Unit_Cost]]*Supplier_Perf_Table[[#This Row],[Dollar Equivalent]],"") -> 0.3762274 | Q63: 500 | R63: 257690 | S63: =Supplier_Perf_Table[[#This Row],[Unit_Cost]]*Supplier_Perf_Table[[#This Row],[Order_Quantity]] -> 257690 | T63: =IFERROR(Supplier_Perf_Table[[#This Row],[Dollar Equivalent]]*Supplier_Perf_Table[[#This Row],[Ordered_Value]],"") -> 188.1137 | U63: 7 | V63: 0.014 | W63: 23 | X63: =IFERROR(Supplier_Perf_Table[[#This Row],[Actual_Delivery_Date]]-Supplier_Perf_Table[[#This Row],[Order Date]],"") -> 23 | Y63: 9 | Z63: =IFERROR(Supplier_Perf_Table[[#This Row],[Expected Delivery_Date]]-Supplier_Perf_Table[[#This Row],[Order Date]],"") -> 9 | AA63: =Supplier_Perf_Table[[#This Row],[Calculated_Lead_Time2]]-Supplier_Perf_Table[[#This Row],[Calculated_Expected_Lead_Time]] -> 14 | AB63: 14 | AC63: Very Late | AD63: Accepted | AE63: Missing Invoice | AF63: Net 45 | AG63: Not Stated | AH63: Maersk | AI63: FOB | AJ63: N/A | AK63: 1.6 | AL63: API Feed | AM63: Late delivery; Invoice issue
A64: PO-2026-00063 | B64: ORD-696299 | C64: 46089 | D64: 46101 | E64: 46093 | F64: SUP-008 | G64: LagosPR | H64: Nigeria | I64: Nairobi DC | J64: Packaging | K64: SKU-PAC-156 | L64: Plastic Film Roll | M64: 611.26 | N64: KES | O64: =_xlfn.XLOOKUP(Supplier_Perf_Table[[#This Row],[Currency]],'Comments 2'!$C$4:$C$16,'Comments 2'!$D$4:$D$16) -> 0.0077 | P64: =IFERROR(Supplier_Perf_Table[[#This Row],[Unit_Cost]]*Supplier_Perf_Table[[#This Row],[Dollar Equivalent]],"") -> 4.706702 | Q64: 2000 | R64: 1222520 | S64: =Supplier_Perf_Table[[#This Row],[Unit_Cost]]*Supplier_Perf_Table[[#This Row],[Order_Quantity]] -> 1222520 | T64: =IFERROR(Supplier_Perf_Table[[#This Row],[Dollar Equivalent]]*Supplier_Perf_Table[[#This Row],[Ordered_Value]],"") -> 9413.404 | U64: 64 | V64: 0.032 | W64: 4 | X64: =IFERROR(Supplier_Perf_Table[[#This Row],[Actual_Delivery_Date]]-Supplier_Perf_Table[[#This Row],[Order Date]],"") -> 4 | Y64: 12 | Z64: =IFERROR(Supplier_Perf_Table[[#This Row],[Expected Delivery_Date]]-Supplier_Perf_Table[[#This Row],[Order Date]],"") -> 12 | AA64: =Supplier_Perf_Table[[#This Row],[Calculated_Lead_Time2]]-Supplier_Perf_Table[[#This Row],[Calculated_Expected_Lead_Time]] -> -8 | AB64: -8 | AC64: Delivered Early | AD64: Accepted | AE64: Matched | AF64: 50% Advance / 50% Delivery | AG64: Sea | AH64: Local Truck Partner | AI64: FOB | AJ64: N/A | AK64: 2.2 | AL64: Email Invoice | AM64: N/A
A65: PO-2026-00064 | B65: ORD-967255 | C65: 46085 | D65: 46106 | E65: 46108 | F65: SUP-005 | G65: Cape | H65: South Africa | I65: Lagos DC | J65: Metals | K65: SKU-MET-435 | L65: Copper Rod | M65: 2046.47 | N65: ZAR | O65: =_xlfn.XLOOKUP(Supplier_Perf_Table[[#This Row],[Currency]],'Comments 2'!$C$4:$C$16,'Comments 2'!$D$4:$D$16) -> 0.061 | P65: =IFERROR(Supplier_Perf_Table[[#This Row],[Unit_Cost]]*Supplier_Perf_Table[[#This Row],[Dollar Equivalent]],"") -> 124.83467 | Q65: 750 | R65: 1534852.5 | S65: =Supplier_Perf_Table[[#This Row],[Unit_Cost]]*Supplier_Perf_Table[[#This Row],[Order_Quantity]] -> 1534852.5 | T65: =IFERROR(Supplier_Perf_Table[[#This Row],[Dollar Equivalent]]*Supplier_Perf_Table[[#This Row],[Ordered_Value]],"") -> 93626.003 | U65: 24 | V65: 0.032 | W65: 23 | X65: =IFERROR(Supplier_Perf_Table[[#This Row],[Actual_Delivery_Date]]-Supplier_Perf_Table[[#This Row],[Order Date]],"") -> 23 | Y65: 21 | Z65: =IFERROR(Supplier_Perf_Table[[#This Row],[Expected Delivery_Date]]-Supplier_Perf_Table[[#This Row],[Order Date]],"") -> 21 | AA65: =Supplier_Perf_Table[[#This Row],[Calculated_Lead_Time2]]-Supplier_Perf_Table[[#This Row],[Calculated_Expected_Lead_Time]] -> 2 | AB65: 2 | AC65: Delayed | AD65: Accepted | AE65: Disputed | AF65: 50% Advance / 50% Delivery | AG65: Road | AH65: GIG Logistics | AI65: EXW | AJ65: N/A | AK65: 3.8 | AL65: Legacy CSV | AM65: Late delivery; Invoice issue
A66: PO-2026-00065 | B66: ORD-279301 | C66: 46096 | D66: 46105 | E66: 46095 | F66: SUP-008 | G66: LagosPR | H66: Nigeria | I66: Kigali Assembly | J66: Packaging | K66: SKU-PAC-291 | L66: Shipping Carton | M66: 454.03 | N66: GHS | O66: =_xlfn.XLOOKUP(Supplier_Perf_Table[[#This Row],[Currency]],'Comments 2'!$C$4:$C$16,'Comments 2'!$D$4:$D$16) -> 0.089 | P66: =IFERROR(Supplier_Perf_Table[[#This Row],[Unit_Cost]]*Supplier_Perf_Table[[#This Row],[Dollar Equivalent]],"") -> 40.40867 | Q66: 1500 | R66: 681045 | S66: =Supplier_Perf_Table[[#This Row],[Unit_Cost]]*Supplier_Perf_Table[[#This Row],[Order_Quantity]] -> 681045 | T66: =IFERROR(Supplier_Perf_Table[[#This Row],[Dollar Equivalent]]*Supplier_Perf_Table[[#This Row],[Ordered_Value]],"") -> 60613.005 | U66: 35 | V66: 0.0233 | W66: -1 | X66: =IFERROR(Supplier_Perf_Table[[#This Row],[Actual_Delivery_Date]]-Supplier_Perf_Table[[#This Row],[Order Date]],"") -> -1 | Y66: 9 | Z66: =IFERROR(Supplier_Perf_Table[[#This Row],[Expected Delivery_Date]]-Supplier_Perf_Table[[#This Row],[Order Date]],"") -> 9 | AA66: =Supplier_Perf_Table[[#This Row],[Calculated_Lead_Time2]]-Supplier_Perf_Table[[#This Row],[Calculated_Expected_Lead_Time]] -> -10 | AB66: -10 | AC66: Invalid Lead Time | AD66: Accepted | AE66: Pending | AF66: COD | AG66: Rail | AH66: Bollore Logistics | AI66: FOB | AJ66: N/A | AK66: 3.6 | AL66: Manual Excel Upload | AM66: N/A
A67: PO-2026-00066 | B67: ORD-297242 | C67: 46071 | D67: 46077 | E67: 46081 | F67: SUP-001 | G67: Primesteel | H67: Nigeria | I67: Abuja Plant | J67: Metals | K67: SKU-MET-860 | L67: Rebar Bundle | M67: 3062.64 | N67: NGN | O67: =_xlfn.XLOOKUP(Supplier_Perf_Table[[#This Row],[Currency]],'Comments 2'!$C$4:$C$16,'Comments 2'!$D$4:$D$16) -> 0.00073 | P67: =IFERROR(Supplier_Perf_Table[[#This Row],[Unit_Cost]]*Supplier_Perf_Table[[#This Row],[Dollar Equivalent]],"") -> 2.2357272 | Q67: 300 | R67: 918792 | S67: =Supplier_Perf_Table[[#This Row],[Unit_Cost]]*Supplier_Perf_Table[[#This Row],[Order_Quantity]] -> 918792 | T67: =IFERROR(Supplier_Perf_Table[[#This Row],[Dollar Equivalent]]*Supplier_Perf_Table[[#This Row],[Ordered_Value]],"") -> 670.71816 | U67: 15 | V67: 0.05 | W67: 10 | X67: =IFERROR(Supplier_Perf_Table[[#This Row],[Actual_Delivery_Date]]-Supplier_Perf_Table[[#This Row],[Order Date]],"") -> 10 | Y67: 6 | Z67: =IFERROR(Supplier_Perf_Table[[#This Row],[Expected Delivery_Date]]-Supplier_Perf_Table[[#This Row],[Order Date]],"") -> 6 | AA67: =Supplier_Perf_Table[[#This Row],[Calculated_Lead_Time2]]-Supplier_Perf_Table[[#This Row],[Calculated_Expected_Lead_Time]] -> 4 | AB67: 4 | AC67: Severely Delayed | AD67: Partial Reject | AE67: Matched | AF67: Net 30 | AG67: Road | AH67: GIG Logistics | AI67: DDP | AJ67: Wrong specification | AK67: 1.2 | AL67: API Feed | AM67: Late delivery; Quality issue
A68: PO-2026-00067 | B68: ORD-302215 | C68: 46137 | D68: 46155 | E68: 46151 | F68: SUP-012 | G68: AbidjanCS | H68: Ivory Coast | I68: Dar es Salaam Port | J68: Raw Materials | K68: SKU-RAW-952 | L68: Chemical Additive | M68: 492.51 | N68: ZAR | O68: =_xlfn.XLOOKUP(Supplier_Perf_Table[[#This Row],[Currency]],'Comments 2'!$C$4:$C$16,'Comments 2'!$D$4:$D$16) -> 0.061 | P68: =IFERROR(Supplier_Perf_Table[[#This Row],[Unit_Cost]]*Supplier_Perf_Table[[#This Row],[Dollar Equivalent]],"") -> 30.04311 | Q68: 200 | S68: =Supplier_Perf_Table[[#This Row],[Unit_Cost]]*Supplier_Perf_Table[[#This Row],[Order_Quantity]] -> 98502 | T68: =IFERROR(Supplier_Perf_Table[[#This Row],[Dollar Equivalent]]*Supplier_Perf_Table[[#This Row],[Ordered_Value]],"") | U68: 8 | V68: 0.04 | W68: 14 | X68: =IFERROR(Supplier_Perf_Table[[#This Row],[Actual_Delivery_Date]]-Supplier_Perf_Table[[#This Row],[Order Date]],"") -> 14 | Y68: 18 | Z68: =IFERROR(Supplier_Perf_Table[[#This Row],[Expected Delivery_Date]]-Supplier_Perf_Table[[#This Row],[Order Date]],"") -> 18 | AA68: =Supplier_Perf_Table[[#This Row],[Calculated_Lead_Time2]]-Supplier_Perf_Table[[#This Row],[Calculated_Expected_Lead_Time]] -> -4 | AB68: -4 | AC68: On Time | AD68: Accepted | AE68: Missing Invoice | AF68: Net 30 | AG68: Sea | AH68: GIG Logistics | AI68: EXW | AJ68: N/A | AK68: 3 | AL68: Email Invoice | AM68: Invoice issue
A69: PO-2026-00068 | B69: ORD-128886 | C69: 46090 | D69: 46104 | E69: 46118 | F69: SUP-007 | G69: Dar | H69: Tanzania | I69: Nairobi DC | J69: Electronics | K69: SKU-ELE-106 | L69: LED Driver | M69: 1944.57 | N69: USD | O69: =_xlfn.XLOOKUP(Supplier_Perf_Table[[#This Row],[Currency]],'Comments 2'!$C$4:$C$16,'Comments 2'!$D$4:$D$16) -> 1 | P69: =IFERROR(Supplier_Perf_Table[[#This Row],[Unit_Cost]]*Supplier_Perf_Table[[#This Row],[Dollar Equivalent]],"") -> 1944.57 | Q69: 750 | R69: 1458427.5 | S69: =Supplier_Perf_Table[[#This Row],[Unit_Cost]]*Supplier_Perf_Table[[#This Row],[Order_Quantity]] -> 1458427.5 | T69: =IFERROR(Supplier_Perf_Table[[#This Row],[Dollar Equivalent]]*Supplier_Perf_Table[[#This Row],[Ordered_Value]],"") -> 1458427.5 | U69: 62 | V69: 0.0827 | W69: 28 | X69: =IFERROR(Supplier_Perf_Table[[#This Row],[Actual_Delivery_Date]]-Supplier_Perf_Table[[#This Row],[Order Date]],"") -> 28 | Y69: 14 | Z69: =IFERROR(Supplier_Perf_Table[[#This Row],[Expected Delivery_Date]]-Supplier_Perf_Table[[#This Row],[Order Date]],"") -> 14 | AA69: =Supplier_Perf_Table[[#This Row],[Calculated_Lead_Time2]]-Supplier_Perf_Table[[#This Row],[Calculated_Expected_Lead_Time]] -> 14 | AB69: 14 | AC69: Very Late | AD69: Hold | AE69: Disputed | AF69: Advance | AG69: Rail | AH69: Bollore Logistics | AI69: N/A | AJ69: Late + defective | AK69: 3.2 | AL69: Legacy CSV | AM69: Late delivery; Quality issue; Invoice issue
A70: PO-2026-00069 | B70: ORD-655280 | C70: 46162 | D70: 46167 | E70: 46173 | F70: SUP-015 | G70: Kampala | H70: Uganda | I70: Abuja Plant | J70: Textiles | K70: SKU-TEX-145 | L70: Uniform Material | M70: 654.76 | N70: KES | O70: =_xlfn.XLOOKUP(Supplier_Perf_Table[[#This Row],[Currency]],'Comments 2'!$C$4:$C$16,'Comments 2'!$D$4:$D$16) -> 0.0077 | P70: =IFERROR(Supplier_Perf_Table[[#This Row],[Unit_Cost]]*Supplier_Perf_Table[[#This Row],[Dollar Equivalent]],"") -> 5.041652 | Q70: 75 | R70: 49107 | S70: =Supplier_Perf_Table[[#This Row],[Unit_Cost]]*Supplier_Perf_Table[[#This Row],[Order_Quantity]] -> 49107 | T70: =IFERROR(Supplier_Perf_Table[[#This Row],[Dollar Equivalent]]*Supplier_Perf_Table[[#This Row],[Ordered_Value]],"") -> 378.1239 | U70: 0 | V70: 0 | W70: 11 | X70: =IFERROR(Supplier_Perf_Table[[#This Row],[Actual_Delivery_Date]]-Supplier_Perf_Table[[#This Row],[Order Date]],"") -> 11 | Y70: 5 | Z70: =IFERROR(Supplier_Perf_Table[[#This Row],[Expected Delivery_Date]]-Supplier_Perf_Table[[#This Row],[Order Date]],"") -> 5 | AA70: =Supplier_Perf_Table[[#This Row],[Calculated_Lead_Time2]]-Supplier_Perf_Table[[#This Row],[Calculated_Expected_Lead_Time]] -> 6 | AB70: 6 | AC70: Late | AD70: Accepted | AE70: Matched | AF70: COD | AG70: Rail | AH70: Bollore Logistics | AI70: FOB | AJ70: N/A | AK70: 2.4 | AL70: Manual Excel Upload | AM70: Late delivery
A71: PO-2026-00070 | B71: ORD-862526 | C71: 46116 | D71: 46135 | E71: 46138 | F71: SUP-005 | G71: Cape | H71: South Africa | I71: Port Harcourt Warehouse | J71: Metals | K71: SKU-MET-661 | L71: Copper Rod | M71: 1111.14 | N71: NGN | O71: =_xlfn.XLOOKUP(Supplier_Perf_Table[[#This Row],[Currency]],'Comments 2'!$C$4:$C$16,'Comments 2'!$D$4:$D$16) -> 0.00073 | P71: =IFERROR(Supplier_Perf_Table[[#This Row],[Unit_Cost]]*Supplier_Perf_Table[[#This Row],[Dollar Equivalent]],"") -> 0.8111322 | Q71: 150 | R71: 166671 | S71: =Supplier_Perf_Table[[#This Row],[Unit_Cost]]*Supplier_Perf_Table[[#This Row],[Order_Quantity]] -> 166671 | T71: =IFERROR(Supplier_Perf_Table[[#This Row],[Dollar Equivalent]]*Supplier_Perf_Table[[#This Row],[Ordered_Value]],"") -> 121.66983 | U71: 8 | V71: 0.0533 | W71: 22 | X71: =IFERROR(Supplier_Perf_Table[[#This Row],[Actual_Delivery_Date]]-Supplier_Perf_Table[[#This Row],[Order Date]],"") -> 22 | Y71: 19 | Z71: =IFERROR(Supplier_Perf_Table[[#This Row],[Expected Delivery_Date]]-Supplier_Perf_Table[[#This Row],[Order Date]],"") -> 19 | AA71: =Supplier_Perf_Table[[#This Row],[Calculated_Lead_Time2]]-Supplier_Perf_Table[[#This Row],[Calculated_Expected_Lead_Time]] -> 3 | AB71: 3 | AC71: Delayed | AD71: Hold | AE71: Pending | AF71: COD | AG71: Sea | AH71: Bollore Logistics | AI71: EXW | AJ71: Missing certificate | AK71: 2.1 | AL71: Email Invoice | AM71: Late delivery; Quality issue
A72: PO-2026-00071 | B72: ORD-905279 | C72: 46120 | D72: 46127 | E72: 46129 | F72: SUP-001 | G72: Primesteel | H72: Nigeria | I72: Lagos DC | J72: Industrial Supplies | K72: SKU-IND-126 | L72: Safety Gloves | M72: 566.91 | N72: EGP | O72: =_xlfn.XLOOKUP(Supplier_Perf_Table[[#This Row],[Currency]],'Comments 2'!$C$4:$C$16,'Comments 2'!$D$4:$D$16) -> 0.019 | P72: =IFERROR(Supplier_Perf_Table[[#This Row],[Unit_Cost]]*Supplier_Perf_Table[[#This Row],[Dollar Equivalent]],"") -> 10.77129 | Q72: 1000 | R72: 566910 | S72: =Supplier_Perf_Table[[#This Row],[Unit_Cost]]*Supplier_Perf_Table[[#This Row],[Order_Quantity]] -> 566910 | T72: =IFERROR(Supplier_Perf_Table[[#This Row],[Dollar Equivalent]]*Supplier_Perf_Table[[#This Row],[Ordered_Value]],"") -> 10771.29 | U72: 13 | V72: 0.013 | W72: 9 | X72: =IFERROR(Supplier_Perf_Table[[#This Row],[Actual_Delivery_Date]]-Supplier_Perf_Table[[#This Row],[Order Date]],"") -> 9 | Y72: 7 | Z72: =IFERROR(Supplier_Perf_Table[[#This Row],[Expected Delivery_Date]]-Supplier_Perf_Table[[#This Row],[Order Date]],"") -> 7 | AA72: =Supplier_Perf_Table[[#This Row],[Calculated_Lead_Time2]]-Supplier_Perf_Table[[#This Row],[Calculated_Expected_Lead_Time]] -> 2 | AB72: 2 | AC72: Late | AD72: Accepted | AE72: Matched | AF72: COD | AG72: Sea | AH72: GIG Logistics | AI72: EXW | AJ72: N/A | AK72: 4.7 | AL72: Warehouse Scan | AM72: Late delivery
A73: PO-2026-00072 | B73: ORD-173077 | C73: 46074 | D73: 46088 | E73: 46094 | F73: SUP-011 | G73: Kigali | H73: Rwanda | I73: Cape Town Plant | J73: Raw Materials | K73: SKU-RAW-315 | L73: Agro Binder | M73: 220.12 | N73: USD | O73: =_xlfn.XLOOKUP(Supplier_Perf_Table[[#This Row],[Currency]],'Comments 2'!$C$4:$C$16,'Comments 2'!$D$4:$D$16) -> 1 | P73: =IFERROR(Supplier_Perf_Table[[#This Row],[Unit_Cost]]*Supplier_Perf_Table[[#This Row],[Dollar Equivalent]],"") -> 220.12 | Q73: 200 | R73: 0 | S73: =Supplier_Perf_Table[[#This Row],[Unit_Cost]]*Supplier_Perf_Table[[#This Row],[Order_Quantity]] -> 44024 | T73: =IFERROR(Supplier_Perf_Table[[#This Row],[Dollar Equivalent]]*Supplier_Perf_Table[[#This Row],[Ordered_Value]],"") -> 0 | U73: 0 | V73: 0 | W73: 20 | X73: =IFERROR(Supplier_Perf_Table[[#This Row],[Actual_Delivery_Date]]-Supplier_Perf_Table[[#This Row],[Order Date]],"") -> 20 | Y73: 14 | Z73: =IFERROR(Supplier_Perf_Table[[#This Row],[Expected Delivery_Date]]-Supplier_Perf_Table[[#This Row],[Order Date]],"") -> 14 | AA73: =Supplier_Perf_Table[[#This Row],[Calculated_Lead_Time2]]-Supplier_Perf_Table[[#This Row],[Calculated_Expected_Lead_Time]] -> 6 | AB73: 6 | AC73: Very Late | AD73: Accepted | AE73: Matched | AF73: Advance | AG73: Rail | AH73: GIG Logistics | AI73: DAP | AJ73: N/A | AK73: 2.6 | AL73: Legacy CSV | AM73: Missing/invalid supplier ID; Late delivery
A74: PO-2026-00073 | B74: ORD-119658 | C74: 46074 | D74: 46081 | E74: 46083 | F74: SUP-008 | G74: LagosPR | H74: Nigeria | I74: Abuja Plant | J74: Metals | K74: SKU-MET-182 | L74: Rebar Bundle | M74: 926.37 | N74: GHS | O74: =_xlfn.XLOOKUP(Supplier_Perf_Table[[#This Row],[Currency]],'Comments 2'!$C$4:$C$16,'Comments 2'!$D$4:$D$16) -> 0.089 | P74: =IFERROR(Supplier_Perf_Table[[#This Row],[Unit_Cost]]*Supplier_Perf_Table[[#This Row],[Dollar Equivalent]],"") -> 82.44693 | Q74: 750 | R74: 694777.5 | S74: =Supplier_Perf_Table[[#This Row],[Unit_Cost]]*Supplier_Perf_Table[[#This Row],[Order_Quantity]] -> 694777.5 | T74: =IFERROR(Supplier_Perf_Table[[#This Row],[Dollar Equivalent]]*Supplier_Perf_Table[[#This Row],[Ordered_Value]],"") -> 61835.197 | U74: 11 | V74: 0.0147 | W74: 9 | X74: =IFERROR(Supplier_Perf_Table[[#This Row],[Actual_Delivery_Date]]-Supplier_Perf_Table[[#This Row],[Order Date]],"") -> 9 | Y74: 7 | Z74: =IFERROR(Supplier_Perf_Table[[#This Row],[Expected Delivery_Date]]-Supplier_Perf_Table[[#This Row],[Order Date]],"") -> 7 | AA74: =Supplier_Perf_Table[[#This Row],[Calculated_Lead_Time2]]-Supplier_Perf_Table[[#This Row],[Calculated_Expected_Lead_Time]] -> 2 | AB74: 2 | AC74: Delayed | AD74: Accepted | AE74: Matched | AF74: COD | AG74: Not Stated | AH74: Kuehne+Nagel | AI74: DAP | AJ74: N/A | AK74: 3.8 | AL74: Legacy CSV | AM74: Late delivery
A75: PO-2026-00074 | B75: ORD-696495 | C75: 46189 | D75: 46200 | E75: 46208 | F75: SUP-004 | G75: Nile | H75: Egypt | I75: Lagos DC | J75: Textiles | K75: SKU-TEX-541 | L75: Polyester Roll | M75: 50.87 | N75: ZAR | O75: =_xlfn.XLOOKUP(Supplier_Perf_Table[[#This Row],[Currency]],'Comments 2'!$C$4:$C$16,'Comments 2'!$D$4:$D$16) -> 0.061 | P75: =IFERROR(Supplier_Perf_Table[[#This Row],[Unit_Cost]]*Supplier_Perf_Table[[#This Row],[Dollar Equivalent]],"") -> 3.10307 | Q75: 200 | R75: 10174 | S75: =Supplier_Perf_Table[[#This Row],[Unit_Cost]]*Supplier_Perf_Table[[#This Row],[Order_Quantity]] -> 10174 | T75: =IFERROR(Supplier_Perf_Table[[#This Row],[Dollar Equivalent]]*Supplier_Perf_Table[[#This Row],[Ordered_Value]],"") -> 620.614 | U75: 14 | V75: 0.07 | W75: 19 | X75: =IFERROR(Supplier_Perf_Table[[#This Row],[Actual_Delivery_Date]]-Supplier_Perf_Table[[#This Row],[Order Date]],"") -> 19 | Y75: 11 | Z75: =IFERROR(Supplier_Perf_Table[[#This Row],[Expected Delivery_Date]]-Supplier_Perf_Table[[#This Row],[Order Date]],"") -> 11 | AA75: =Supplier_Perf_Table[[#This Row],[Calculated_Lead_Time2]]-Supplier_Perf_Table[[#This Row],[Calculated_Expected_Lead_Time]] -> 8 | AB75: 8 | AC75: Severely Delayed | AD75: Hold | AE75: Matched | AF75: Net 30 | AG75: Sea | AH75: GIG Logistics | AI75: FOB | AJ75: Wrong specification | AK75: 2 | AL75: Manual Excel Upload | AM75: Missing/invalid supplier ID; Late delivery; Quality issue
A76: PO-2026-00075 | B76: ORD-796722 | C76: 46026 | D76: 46045 | E76: 46050 | F76: SUP-004 | G76: Nile | H76: Egypt | I76: Accra Hub | J76: Textiles | K76: SKU-TEX-356 | L76: Polyester Roll | M76: 762.04 | N76: NGN | O76: =_xlfn.XLOOKUP(Supplier_Perf_Table[[#This Row],[Currency]],'Comments 2'!$C$4:$C$16,'Comments 2'!$D$4:$D$16) -> 0.00073 | P76: =IFERROR(Supplier_Perf_Table[[#This Row],[Unit_Cost]]*Supplier_Perf_Table[[#This Row],[Dollar Equivalent]],"") -> 0.5562892 | Q76: 75 | R76: 57153 | S76: =Supplier_Perf_Table[[#This Row],[Unit_Cost]]*Supplier_Perf_Table[[#This Row],[Order_Quantity]] -> 57153 | T76: =IFERROR(Supplier_Perf_Table[[#This Row],[Dollar Equivalent]]*Supplier_Perf_Table[[#This Row],[Ordered_Value]],"") -> 41.72169 | U76: 4 | V76: 0.0533 | W76: 24 | X76: =IFERROR(Supplier_Perf_Table[[#This Row],[Actual_Delivery_Date]]-Supplier_Perf_Table[[#This Row],[Order Date]],"") -> 24 | Y76: 19 | Z76: =IFERROR(Supplier_Perf_Table[[#This Row],[Expected Delivery_Date]]-Supplier_Perf_Table[[#This Row],[Order Date]],"") -> 19 | AA76: =Supplier_Perf_Table[[#This Row],[Calculated_Lead_Time2]]-Supplier_Perf_Table[[#This Row],[Calculated_Expected_Lead_Time]] -> 5 | AB76: 5 | AC76: Very Late | AD76: Hold | AE76: Missing Invoice | AF76: 50% Advance / 50% Delivery | AG76: Not Stated | AH76: Bollore Logistics | AI76: DAP | AJ76: Wrong specification | AK76: 1.2 | AL76: Warehouse Scan | AM76: Late delivery; Quality issue; Invoice issue
A77: PO-2026-00076 | B77: ORD-871588 | C77: 46142 | D77: 46157 | E77: 46150 | F77: SUP-011 | G77: Kigali | H77: Rwanda | I77: Dar es Salaam Port | J77: Raw Materials | K77: SKU-RAW-645 | L77: Agro Binder | M77: 174.82 | N77: KES | O77: =_xlfn.XLOOKUP(Supplier_Perf_Table[[#This Row],[Currency]],'Comments 2'!$C$4:$C$16,'Comments 2'!$D$4:$D$16) -> 0.0077 | P77: =IFERROR(Supplier_Perf_Table[[#This Row],[Unit_Cost]]*Supplier_Perf_Table[[#This Row],[Dollar Equivalent]],"") -> 1.346114 | Q77: 300 | R77: 52446 | S77: =Supplier_Perf_Table[[#This Row],[Unit_Cost]]*Supplier_Perf_Table[[#This Row],[Order_Quantity]] -> 52446 | T77: =IFERROR(Supplier_Perf_Table[[#This Row],[Dollar Equivalent]]*Supplier_Perf_Table[[#This Row],[Ordered_Value]],"") -> 403.8342 | U77: 1 | V77: 0.0033 | W77: 8 | X77: =IFERROR(Supplier_Perf_Table[[#This Row],[Actual_Delivery_Date]]-Supplier_Perf_Table[[#This Row],[Order Date]],"") -> 8 | Y77: 15 | Z77: =IFERROR(Supplier_Perf_Table[[#This Row],[Expected Delivery_Date]]-Supplier_Perf_Table[[#This Row],[Order Date]],"") -> 15 | AA77: =Supplier_Perf_Table[[#This Row],[Calculated_Lead_Time2]]-Supplier_Perf_Table[[#This Row],[Calculated_Expected_Lead_Time]] -> -7 | AB77: -7 | AC77: On Time | AD77: Accepted | AE77: Disputed | AF77: COD | AG77: Road | AH77: GIG Logistics | AI77: CIF | AJ77: N/A | AK77: 2.8 | AL77: Manual Excel Upload | AM77: Invoice issue
A78: PO-2026-00077 | B78: ORD-542680 | C78: 46156 | D78: 46168 | E78: 46179 | F78: SUP-010 | G78: AddisFW | H78: Ethiopia | I78: Abuja Plant | J78: Textiles | K78: SKU-TEX-779 | L78: Polyester Roll | N78: USD | O78: =_xlfn.XLOOKUP(Supplier_Perf_Table[[#This Row],[Currency]],'Comments 2'!$C$4:$C$16,'Comments 2'!$D$4:$D$16) -> 1 | P78: =IFERROR(Supplier_Perf_Table[[#This Row],[Unit_Cost]]*Supplier_Perf_Table[[#This Row],[Dollar Equivalent]],"") | Q78: 75 | R78: 61232.25 | S78: =Supplier_Perf_Table[[#This Row],[Unit_Cost]]*Supplier_Perf_Table[[#This Row],[Order_Quantity]] -> #VALUE! | T78: =IFERROR(Supplier_Perf_Table[[#This Row],[Dollar Equivalent]]*Supplier_Perf_Table[[#This Row],[Ordered_Value]],"") -> 61232.25 | U78: 3 | V78: 0.04 | W78: 23 | X78: =IFERROR(Supplier_Perf_Table[[#This Row],[Actual_Delivery_Date]]-Supplier_Perf_Table[[#This Row],[Order Date]],"") -> 23 | Y78: 12 | Z78: =IFERROR(Supplier_Perf_Table[[#This Row],[Expected Delivery_Date]]-Supplier_Perf_Table[[#This Row],[Order Date]],"") -> 12 | AA78: =Supplier_Perf_Table[[#This Row],[Calculated_Lead_Time2]]-Supplier_Perf_Table[[#This Row],[Calculated_Expected_Lead_Time]] -> 11 | AB78: 11 | AC78: Late | AD78: Pending QC | AE78: Matched | AF78: COD | AG78: Road | AH78: No Carrier Listed | AI78: DAP | AJ78: N/A | AK78: 3.1 | AL78: Supplier Portal | AM78: Late delivery
A79: PO-2026-00078 | B79: ORD-887701 | C79: 46150 | D79: 46159 | E79: 46163 | F79: SUP-008 | G79: LagosPR | H79: Nigeria | I79: Lagos DC | J79: Packaging | K79: SKU-PAC-249 | L79: Plastic Film Roll | M79: 845.54 | N79: GHS | O79: =_xlfn.XLOOKUP(Supplier_Perf_Table[[#This Row],[Currency]],'Comments 2'!$C$4:$C$16,'Comments 2'!$D$4:$D$16) -> 0.089 | P79: =IFERROR(Supplier_Perf_Table[[#This Row],[Unit_Cost]]*Supplier_Perf_Table[[#This Row],[Dollar Equivalent]],"") -> 75.25306 | Q79: 250 | R79: 211385 | S79: =Supplier_Perf_Table[[#This Row],[Unit_Cost]]*Supplier_Perf_Table[[#This Row],[Order_Quantity]] -> 211385 | T79: =IFERROR(Supplier_Perf_Table[[#This Row],[Dollar Equivalent]]*Supplier_Perf_Table[[#This Row],[Ordered_Value]],"") -> 18813.265 | U79: 15 | V79: 0.06 | W79: 13 | X79: =IFERROR(Supplier_Perf_Table[[#This Row],[Actual_Delivery_Date]]-Supplier_Perf_Table[[#This Row],[Order Date]],"") -> 13 | Y79: 9 | Z79: =IFERROR(Supplier_Perf_Table[[#This Row],[Expected Delivery_Date]]-Supplier_Perf_Table[[#This Row],[Order Date]],"") -> 9 | AA79: =Supplier_Perf_Table[[#This Row],[Calculated_Lead_Time2]]-Supplier_Perf_Table[[#This Row],[Calculated_Expected_Lead_Time]] -> 4 | AB79: 4 | AC79: Late | AD79: Partial Reject | AE79: Pending | AF79: 50% Advance / 50% Delivery | AG79: Air | AH79: Maersk | AI79: DAP | AJ79: Wrong specification | AK79: 2.2 | AL79: API Feed | AM79: Late delivery; Quality issue
A80: PO-2026-00079 | B80: ORD-330695 | C80: 46159 | D80: 46168 | E80: 46180 | F80: SUP-002 | G80: Kentech | H80: Kenya | I80: Cape Town Plant | J80: Electronics | K80: SKU-ELE-609 | L80: Control Board | M80: 765.1 | N80: USD | O80: =_xlfn.XLOOKUP(Supplier_Perf_Table[[#This Row],[Currency]],'Comments 2'!$C$4:$C$16,'Comments 2'!$D$4:$D$16) -> 1 | P80: =IFERROR(Supplier_Perf_Table[[#This Row],[Unit_Cost]]*Supplier_Perf_Table[[#This Row],[Dollar Equivalent]],"") -> 765.1 | Q80: 250 | R80: 191275 | S80: =Supplier_Perf_Table[[#This Row],[Unit_Cost]]*Supplier_Perf_Table[[#This Row],[Order_Quantity]] -> 191275 | T80: =IFERROR(Supplier_Perf_Table[[#This Row],[Dollar Equivalent]]*Supplier_Perf_Table[[#This Row],[Ordered_Value]],"") -> 191275 | U80: 4 | V80: 0.016 | W80: 21 | X80: =IFERROR(Supplier_Perf_Table[[#This Row],[Actual_Delivery_Date]]-Supplier_Perf_Table[[#This Row],[Order Date]],"") -> 21 | Y80: 9 | Z80: =IFERROR(Supplier_Perf_Table[[#This Row],[Expected Delivery_Date]]-Supplier_Perf_Table[[#This Row],[Order Date]],"") -> 9 | AA80: =Supplier_Perf_Table[[#This Row],[Calculated_Lead_Time2]]-Supplier_Perf_Table[[#This Row],[Calculated_Expected_Lead_Time]] -> 12 | AB80: 12 | AC80: Very Late | AD80: Accepted | AE80: Pending | AF80: Net 30 | AG80: Rail | AH80: Local Truck Partner | AI80: CIF | AJ80: N/A | AK80: 4 | AL80: Supplier Portal | AM80: Late delivery
A81: PO-2026-00080 | B81: ORD-273658 | C81: 46113 | D81: 46128 | E81: 46135 | F81: SUP-012 | G81: AbidjanCS | H81: Ivory Coast | I81: Abuja Plant | J81: Machinery Parts | K81: SKU-MAC-953 | L81: Conveyor Belt | M81: 2573.38 | N81: KES | O81: =_xlfn.XLOOKUP(Supplier_Perf_Table[[#This Row],[Currency]],'Comments 2'!$C$4:$C$16,'Comments 2'!$D$4:$D$16) -> 0.0077 | P81: =IFERROR(Supplier_Perf_Table[[#This Row],[Unit_Cost]]*Supplier_Perf_Table[[#This Row],[Dollar Equivalent]],"") -> 19.815026 | Q81: 1500 | R81: 3860070 | S81: =Supplier_Perf_Table[[#This Row],[Unit_Cost]]*Supplier_Perf_Table[[#This Row],[Order_Quantity]] -> 3860070 | T81: =IFERROR(Supplier_Perf_Table[[#This Row],[Dollar Equivalent]]*Supplier_Perf_Table[[#This Row],[Ordered_Value]],"") -> 29722.539 | U81: 63 | V81: 0.042 | W81: 22 | X81: =IFERROR(Supplier_Perf_Table[[#This Row],[Actual_Delivery_Date]]-Supplier_Perf_Table[[#This Row],[Order Date]],"") -> 22 | Y81: 15 | Z81: =IFERROR(Supplier_Perf_Table[[#This Row],[Expected Delivery_Date]]-Supplier_Perf_Table[[#This Row],[Order Date]],"") -> 15 | AA81: =Supplier_Perf_Table[[#This Row],[Calculated_Lead_Time2]]-Supplier_Perf_Table[[#This Row],[Calculated_Expected_Lead_Time]] -> 7 | AB81: 7 | AC81: Very Late | AD81: Partial Reject | AE81: Disputed | AF81: Net 30 | AG81: Air | AH81: GIG Logistics | AI81: FOB | AJ81: Damaged packaging | AK81: 2.7 | AL81: ERP | AM81: Late delivery; Quality issue; Invoice issue
A82: PO-2026-00081 | B82: ORD-575754 | C82: 46077 | D82: 46091 | E82: 46097 | F82: SUP-012 | G82: AbidjanCS | H82: Ivory Coast | I82: Abuja Plant | J82: Raw Materials | K82: SKU-RAW-364 | L82: Polymer Resin | M82: 378.31 | N82: NGN | O82: =_xlfn.XLOOKUP(Supplier_Perf_Table[[#This Row],[Currency]],'Comments 2'!$C$4:$C$16,'Comments 2'!$D$4:$D$16) -> 0.00073 | P82: =IFERROR(Supplier_Perf_Table[[#This Row],[Unit_Cost]]*Supplier_Perf_Table[[#This Row],[Dollar Equivalent]],"") -> 0.2761663 | Q82: 100 | R82: 37831 | S82: =Supplier_Perf_Table[[#This Row],[Unit_Cost]]*Supplier_Perf_Table[[#This Row],[Order_Quantity]] -> 37831 | T82: =IFERROR(Supplier_Perf_Table[[#This Row],[Dollar Equivalent]]*Supplier_Perf_Table[[#This Row],[Ordered_Value]],"") -> 27.61663 | U82: 5 | V82: 0.05 | W82: 20 | X82: =IFERROR(Supplier_Perf_Table[[#This Row],[Actual_Delivery_Date]]-Supplier_Perf_Table[[#This Row],[Order Date]],"") -> 20 | Y82: 14 | Z82: =IFERROR(Supplier_Perf_Table[[#This Row],[Expected Delivery_Date]]-Supplier_Perf_Table[[#This Row],[Order Date]],"") -> 14 | AA82: =Supplier_Perf_Table[[#This Row],[Calculated_Lead_Time2]]-Supplier_Perf_Table[[#This Row],[Calculated_Expected_Lead_Time]] -> 6 | AB82: 6 | AC82: Severely Delayed | AD82: Partial Reject | AE82: Matched | AF82: Net 45 | AG82: Rail | AH82: Maersk | AI82: CIF | AJ82: Wrong specification | AK82: 2.7 | AL82: Legacy CSV | AM82: Late delivery; Quality issue
A83: PO-2026-00082 | B83: ORD-305839 | C83: 46058 | D83: 46082 | E83: 46078 | F83: SUP-010 | G83: AddisFW | H83: Ethiopia | I83: Port Harcourt Warehouse | J83: Textiles | K83: SKU-TEX-369 | L83: Label Tape | M83: 590.42 | N83: GHS | O83: =_xlfn.XLOOKUP(Supplier_Perf_Table[[#This Row],[Currency]],'Comments 2'!$C$4:$C$16,'Comments 2'!$D$4:$D$16) -> 0.089 | P83: =IFERROR(Supplier_Perf_Table[[#This Row],[Unit_Cost]]*Supplier_Perf_Table[[#This Row],[Dollar Equivalent]],"") -> 52.54738 | Q83: 150 | R83: 88563 | S83: =Supplier_Perf_Table[[#This Row],[Unit_Cost]]*Supplier_Perf_Table[[#This Row],[Order_Quantity]] -> 88563 | T83: =IFERROR(Supplier_Perf_Table[[#This Row],[Dollar Equivalent]]*Supplier_Perf_Table[[#This Row],[Ordered_Value]],"") -> 7882.107 | U83: 10 | V83: 0.0667 | W83: 20 | X83: =IFERROR(Supplier_Perf_Table[[#This Row],[Actual_Delivery_Date]]-Supplier_Perf_Table[[#This Row],[Order Date]],"") -> 20 | Y83: 24 | Z83: =IFERROR(Supplier_Perf_Table[[#This Row],[Expected Delivery_Date]]-Supplier_Perf_Table[[#This Row],[Order Date]],"") -> 24 | AA83: =Supplier_Perf_Table[[#This Row],[Calculated_Lead_Time2]]-Supplier_Perf_Table[[#This Row],[Calculated_Expected_Lead_Time]] -> -4 | AB83: -4 | AC83: On Time | AD83: Rejected | AE83: Disputed | AF83: Net 30 | AG83: Rail | AH83: Bollore Logistics | AI83: DDP | AJ83: Damaged packaging | AK83: 1.6 | AL83: Warehouse Scan | AM83: Quality issue; Invoice issue
A84: PO-2026-00083 | B84: ORD-306086 | C84: 46072 | D84: 46081 | E84: 46083 | F84: SUP-015 | G84: Kampala | H84: Uganda | I84: Cape Town Plant | J84: Packaging | K84: SKU-PAC-468 | L84: Shipping Carton | M84: 418.25 | N84: ZAR | O84: =_xlfn.XLOOKUP(Supplier_Perf_Table[[#This Row],[Currency]],'Comments 2'!$C$4:$C$16,'Comments 2'!$D$4:$D$16) -> 0.061 | P84: =IFERROR(Supplier_Perf_Table[[#This Row],[Unit_Cost]]*Supplier_Perf_Table[[#This Row],[Dollar Equivalent]],"") -> 25.51325 | Q84: 1500 | R84: 627375 | S84: =Supplier_Perf_Table[[#This Row],[Unit_Cost]]*Supplier_Perf_Table[[#This Row],[Order_Quantity]] -> 627375 | T84: =IFERROR(Supplier_Perf_Table[[#This Row],[Dollar Equivalent]]*Supplier_Perf_Table[[#This Row],[Ordered_Value]],"") -> 38269.875 | U84: 15 | V84: 0.01 | W84: 11 | X84: =IFERROR(Supplier_Perf_Table[[#This Row],[Actual_Delivery_Date]]-Supplier_Perf_Table[[#This Row],[Order Date]],"") -> 11 | Y84: 9 | Z84: =IFERROR(Supplier_Perf_Table[[#This Row],[Expected Delivery_Date]]-Supplier_Perf_Table[[#This Row],[Order Date]],"") -> 9 | AA84: =Supplier_Perf_Table[[#This Row],[Calculated_Lead_Time2]]-Supplier_Perf_Table[[#This Row],[Calculated_Expected_Lead_Time]] -> 2 | AB84: 2 | AC84: Delayed | AD84: Accepted | AE84: Matched | AF84: Not Stated | AG84: Rail | AH84: GIG Logistics | AI84: fob | AJ84: N/A | AK84: 5 | AL84: API Feed | AM84: Late delivery
A85: PO-2026-00084 | B85: ORD-566941 | C85: 46194 | D85: 46209 | E85: 46222 | F85: SUP-009 | G85: Mombasa | H85: Kenya | I85: Lagos DC | J85: Electronics | K85: SKU-ELE-699 | L85: LED Driver | M85: 2522.68 | N85: USD | O85: =_xlfn.XLOOKUP(Supplier_Perf_Table[[#This Row],[Currency]],'Comments 2'!$C$4:$C$16,'Comments 2'!$D$4:$D$16) -> 1 | P85: =IFERROR(Supplier_Perf_Table[[#This Row],[Unit_Cost]]*Supplier_Perf_Table[[#This Row],[Dollar Equivalent]],"") -> 2522.68 | Q85: 2000 | R85: 5045360 | S85: =Supplier_Perf_Table[[#This Row],[Unit_Cost]]*Supplier_Perf_Table[[#This Row],[Order_Quantity]] -> 5045360 | T85: =IFERROR(Supplier_Perf_Table[[#This Row],[Dollar Equivalent]]*Supplier_Perf_Table[[#This Row],[Ordered_Value]],"") -> 5045360 | U85: 78 | V85: 0.039 | W85: 28 | X85: =IFERROR(Supplier_Perf_Table[[#This Row],[Actual_Delivery_Date]]-Supplier_Perf_Table[[#This Row],[Order Date]],"") -> 28 | Y85: 15 | Z85: =IFERROR(Supplier_Perf_Table[[#This Row],[Expected Delivery_Date]]-Supplier_Perf_Table[[#This Row],[Order Date]],"") -> 15 | AA85: =Supplier_Perf_Table[[#This Row],[Calculated_Lead_Time2]]-Supplier_Perf_Table[[#This Row],[Calculated_Expected_Lead_Time]] -> 13 | AB85: 13 | AC85: Very Late | AD85: Accepted | AE85: Matched | AF85: Not Stated | AG85: Rail | AH85: DHL | AI85: fob | AJ85: N/A | AK85: 2.1 | AL85: Manual Excel Upload | AM85: Late delivery
A86: PO-2026-00085 | B86: ORD-844455 | C86: 46162 | D86: 46173 | E86: 46174 | F86: SUP-008 | G86: LagosPR | H86: Nigeria | I86: Kampala Warehouse | J86: Packaging | K86: SKU-PAC-527 | L86: Bottle Caps | M86: 66.13 | N86: GHS | O86: =_xlfn.XLOOKUP(Supplier_Perf_Table[[#This Row],[Currency]],'Comments 2'!$C$4:$C$16,'Comments 2'!$D$4:$D$16) -> 0.089 | P86: =IFERROR(Supplier_Perf_Table[[#This Row],[Unit_Cost]]*Supplier_Perf_Table[[#This Row],[Dollar Equivalent]],"") -> 5.88557 | Q86: 100 | R86: 6613 | S86: =Supplier_Perf_Table[[#This Row],[Unit_Cost]]*Supplier_Perf_Table[[#This Row],[Order_Quantity]] -> 6613 | T86: =IFERROR(Supplier_Perf_Table[[#This Row],[Dollar Equivalent]]*Supplier_Perf_Table[[#This Row],[Ordered_Value]],"") -> 588.557 | U86: 4 | V86: 0.04 | W86: 12 | X86: =IFERROR(Supplier_Perf_Table[[#This Row],[Actual_Delivery_Date]]-Supplier_Perf_Table[[#This Row],[Order Date]],"") -> 12 | Y86: 11 | Z86: =IFERROR(Supplier_Perf_Table[[#This Row],[Expected Delivery_Date]]-Supplier_Perf_Table[[#This Row],[Order Date]],"") -> 11 | AA86: =Supplier_Perf_Table[[#This Row],[Calculated_Lead_Time2]]-Supplier_Perf_Table[[#This Row],[Calculated_Expected_Lead_Time]] -> 1 | AB86: 1 | AC86: Delayed | AD86: Accepted | AE86: Matched | AF86: Not Stated | AG86: Air | AH86: Kuehne+Nagel | AI86: EXW | AJ86: N/A | AK86: 4.6 | AL86: Warehouse Scan | AM86: Late delivery
A87: PO-2026-00086 | B87: ORD-525335 | C87: 46075 | D87: 46094 | E87: 46090 | F87: SUP-010 | G87: AddisFW | H87: Ethiopia | I87: Accra Hub | J87: Raw Materials | K87: SKU-RAW-710 | L87: Chemical Additive | M87: 549.09 | N87: NGN | O87: =_xlfn.XLOOKUP(Supplier_Perf_Table[[#This Row],[Currency]],'Comments 2'!$C$4:$C$16,'Comments 2'!$D$4:$D$16) -> 0.00073 | P87: =IFERROR(Supplier_Perf_Table[[#This Row],[Unit_Cost]]*Supplier_Perf_Table[[#This Row],[Dollar Equivalent]],"") -> 0.4008357 | Q87: 75 | S87: =Supplier_Perf_Table[[#This Row],[Unit_Cost]]*Supplier_Perf_Table[[#This Row],[Order_Quantity]] -> 41181.75 | T87: =IFERROR(Supplier_Perf_Table[[#This Row],[Dollar Equivalent]]*Supplier_Perf_Table[[#This Row],[Ordered_Value]],"") | U87: 1 | V87: 0.0133 | W87: 15 | X87: =IFERROR(Supplier_Perf_Table[[#This Row],[Actual_Delivery_Date]]-Supplier_Perf_Table[[#This Row],[Order Date]],"") -> 15 | Y87: 19 | Z87: =IFERROR(Supplier_Perf_Table[[#This Row],[Expected Delivery_Date]]-Supplier_Perf_Table[[#This Row],[Order Date]],"") -> 19 | AA87: =Supplier_Perf_Table[[#This Row],[Calculated_Lead_Time2]]-Supplier_Perf_Table[[#This Row],[Calculated_Expected_Lead_Time]] -> -4 | AB87: -4 | AC87: On Time | AD87: Accepted | AE87: Not Stated | AF87: COD | AG87: Courier | AH87: DHL | AI87: N/A | AJ87: N/A | AK87: 3.1 | AL87: Warehouse Scan | AM87: Invoice issue
A88: PO-2026-00087 | B88: ORD-491744 | C88: 46058 | D88: 46064 | E88: 46065 | F88: SUP-003 | G88: Sahara | H88: Nigeria | I88: Cape Town Plant | J88: Packaging | K88: SKU-PAC-309 | L88: Shipping Carton | M88: 100.73 | N88: GHS | O88: =_xlfn.XLOOKUP(Supplier_Perf_Table[[#This Row],[Currency]],'Comments 2'!$C$4:$C$16,'Comments 2'!$D$4:$D$16) -> 0.089 | P88: =IFERROR(Supplier_Perf_Table[[#This Row],[Unit_Cost]]*Supplier_Perf_Table[[#This Row],[Dollar Equivalent]],"") -> 8.96497 | Q88: 150 | R88: 15109.5 | S88: =Supplier_Perf_Table[[#This Row],[Unit_Cost]]*Supplier_Perf_Table[[#This Row],[Order_Quantity]] -> 15109.5 | T88: =IFERROR(Supplier_Perf_Table[[#This Row],[Dollar Equivalent]]*Supplier_Perf_Table[[#This Row],[Ordered_Value]],"") -> 1344.7455 | U88: 1 | V88: 0.0067 | W88: 7 | X88: =IFERROR(Supplier_Perf_Table[[#This Row],[Actual_Delivery_Date]]-Supplier_Perf_Table[[#This Row],[Order Date]],"") -> 7 | Y88: 6 | Z88: =IFERROR(Supplier_Perf_Table[[#This Row],[Expected Delivery_Date]]-Supplier_Perf_Table[[#This Row],[Order Date]],"") -> 6 | AA88: =Supplier_Perf_Table[[#This Row],[Calculated_Lead_Time2]]-Supplier_Perf_Table[[#This Row],[Calculated_Expected_Lead_Time]] -> 1 | AB88: 1 | AC88: Late | AD88: Accepted | AE88: Pending | AF88: Net 45 | AG88: Not Stated | AH88: DHL | AI88: fob | AJ88: N/A | AK88: 4.5 | AL88: Email Invoice | AM88: Late delivery
A89: PO-2026-00088 | B89: ORD-137293 | C89: 46088 | D89: 46097 | E89: 46086 | F89: SUP-006 | G89: AccraAI | H89: Ghana | I89: Nairobi DC | J89: Raw Materials | K89: SKU-RAW-780 | L89: Input Granules | M89: 669.06 | N89: NGN | O89: =_xlfn.XLOOKUP(Supplier_Perf_Table[[#This Row],[Currency]],'Comments 2'!$C$4:$C$16,'Comments 2'!$D$4:$D$16) -> 0.00073 | P89: =IFERROR(Supplier_Perf_Table[[#This Row],[Unit_Cost]]*Supplier_Perf_Table[[#This Row],[Dollar Equivalent]],"") -> 0.4884138 | Q89: 150 | R89: 100359 | S89: =Supplier_Perf_Table[[#This Row],[Unit_Cost]]*Supplier_Perf_Table[[#This Row],[Order_Quantity]] -> 100359 | T89: =IFERROR(Supplier_Perf_Table[[#This Row],[Dollar Equivalent]]*Supplier_Perf_Table[[#This Row],[Ordered_Value]],"") -> 73.26207 | U89: 12 | V89: 0.08 | W89: -2 | X89: =IFERROR(Supplier_Perf_Table[[#This Row],[Actual_Delivery_Date]]-Supplier_Perf_Table[[#This Row],[Order Date]],"") -> -2 | Y89: 9 | Z89: =IFERROR(Supplier_Perf_Table[[#This Row],[Expected Delivery_Date]]-Supplier_Perf_Table[[#This Row],[Order Date]],"") -> 9 | AA89: =Supplier_Perf_Table[[#This Row],[Calculated_Lead_Time2]]-Supplier_Perf_Table[[#This Row],[Calculated_Expected_Lead_Time]] -> -11 | AB89: -11 | AC89: Invalid Lead Time | AD89: Hold | AE89: Matched | AF89: 50% Advance / 50% Delivery | AG89: Sea | AH89: DHL | AI89: EXW | AJ89: Wrong specification | AK89: 1.5 | AL89: Warehouse Scan | AM89: Quality issue
A90: PO-2026-00089 | B90: ORD-863842 | C90: 46169 | D90: 46191 | E90: 46185 | F90: SUP-004 | G90: Nile | H90: Egypt | I90: Kampala Warehouse | J90: Electronics | K90: SKU-ELE-202 | L90: Sensor Module | M90: 1217.06 | N90: ZAR | O90: =_xlfn.XLOOKUP(Supplier_Perf_Table[[#This Row],[Currency]],'Comments 2'!$C$4:$C$16,'Comments 2'!$D$4:$D$16) -> 0.061 | P90: =IFERROR(Supplier_Perf_Table[[#This Row],[Unit_Cost]]*Supplier_Perf_Table[[#This Row],[Dollar Equivalent]],"") -> 74.24066 | Q90: 100 | R90: 121706 | S90: =Supplier_Perf_Table[[#This Row],[Unit_Cost]]*Supplier_Perf_Table[[#This Row],[Order_Quantity]] -> 121706 | T90: =IFERROR(Supplier_Perf_Table[[#This Row],[Dollar Equivalent]]*Supplier_Perf_Table[[#This Row],[Ordered_Value]],"") -> 7424.066 | U90: 8 | V90: 0.08 | W90: 16 | X90: =IFERROR(Supplier_Perf_Table[[#This Row],[Actual_Delivery_Date]]-Supplier_Perf_Table[[#This Row],[Order Date]],"") -> 16 | Y90: 22 | Z90: =IFERROR(Supplier_Perf_Table[[#This Row],[Expected Delivery_Date]]-Supplier_Perf_Table[[#This Row],[Order Date]],"") -> 22 | AA90: =Supplier_Perf_Table[[#This Row],[Calculated_Lead_Time2]]-Supplier_Perf_Table[[#This Row],[Calculated_Expected_Lead_Time]] -> -6 | AB90: -6 | AC90: On Time | AD90: Rejected | AE90: Matched | AF90: Net 30 | AG90: Air | AH90: GIG Logistics | AI90: FOB | AJ90: High defect rate | AK90: 1.2 | AL90: Warehouse Scan | AM90: Quality issue
A91: PO-2026-00090 | B91: ORD-641131 | C91: 46132 | D91: 46149 | E91: 46162 | F91: SUP-004 | G91: Nile | H91: Kenya | I91: Abuja Plant | J91: Textiles | K91: SKU-TEX-884 | L91: Uniform Material | M91: 459.96 | N91: KES | O91: =_xlfn.XLOOKUP(Supplier_Perf_Table[[#This Row],[Currency]],'Comments 2'!$C$4:$C$16,'Comments 2'!$D$4:$D$16) -> 0.0077 | P91: =IFERROR(Supplier_Perf_Table[[#This Row],[Unit_Cost]]*Supplier_Perf_Table[[#This Row],[Dollar Equivalent]],"") -> 3.541692 | Q91: 1000 | R91: 459960 | S91: =Supplier_Perf_Table[[#This Row],[Unit_Cost]]*Supplier_Perf_Table[[#This Row],[Order_Quantity]] -> 459960 | T91: =IFERROR(Supplier_Perf_Table[[#This Row],[Dollar Equivalent]]*Supplier_Perf_Table[[#This Row],[Ordered_Value]],"") -> 3541.692 | U91: 26 | V91: 0.026 | W91: 30 | X91: =IFERROR(Supplier_Perf_Table[[#This Row],[Actual_Delivery_Date]]-Supplier_Perf_Table[[#This Row],[Order Date]],"") -> 30 | Y91: 17 | Z91: =IFERROR(Supplier_Perf_Table[[#This Row],[Expected Delivery_Date]]-Supplier_Perf_Table[[#This Row],[Order Date]],"") -> 17 | AA91: =Supplier_Perf_Table[[#This Row],[Calculated_Lead_Time2]]-Supplier_Perf_Table[[#This Row],[Calculated_Expected_Lead_Time]] -> 13 | AB91: 13 | AC91: Severely Delayed | AD91: Accepted | AE91: Pending | AF91: Advance | AG91: Road | AH91: Kuehne+Nagel | AI91: FOB | AJ91: N/A | AK91: 1.7 | AL91: Manual Excel Upload | AM91: Late delivery
A92: PO-2026-00091 | B92: ORD-674114 | C92: 46029 | D92: 46036 | E92: 46046 | F92: SUP-011 | G92: Kigali | H92: Rwanda | I92: Dar es Salaam Port | J92: Industrial Supplies | K92: SKU-IND-452 | L92: Lubricant Drum | M92: 384.61 | N92: GHS | O92: =_xlfn.XLOOKUP(Supplier_Perf_Table[[#This Row],[Currency]],'Comments 2'!$C$4:$C$16,'Comments 2'!$D$4:$D$16) -> 0.089 | P92: =IFERROR(Supplier_Perf_Table[[#This Row],[Unit_Cost]]*Supplier_Perf_Table[[#This Row],[Dollar Equivalent]],"") -> 34.23029 | Q92: 200 | S92: =Supplier_Perf_Table[[#This Row],[Unit_Cost]]*Supplier_Perf_Table[[#This Row],[Order_Quantity]] -> 76922 | T92: =IFERROR(Supplier_Perf_Table[[#This Row],[Dollar Equivalent]]*Supplier_Perf_Table[[#This Row],[Ordered_Value]],"") | U92: 3 | V92: 0.015 | W92: 17 | X92: =IFERROR(Supplier_Perf_Table[[#This Row],[Actual_Delivery_Date]]-Supplier_Perf_Table[[#This Row],[Order Date]],"") -> 17 | Y92: 7 | Z92: =IFERROR(Supplier_Perf_Table[[#This Row],[Expected Delivery_Date]]-Supplier_Perf_Table[[#This Row],[Order Date]],"") -> 7 | AA92: =Supplier_Perf_Table[[#This Row],[Calculated_Lead_Time2]]-Supplier_Perf_Table[[#This Row],[Calculated_Expected_Lead_Time]] -> 10 | AC92: Late | AD92: Accepted | AE92: Disputed | AF92: Net 45 | AG92: Courier | AH92: No Carrier Listed | AI92: DAP | AJ92: N/A | AK92: 1.3 | AL92: Email Invoice | AM92: Late delivery; Invoice issue
A93: PO-2026-00092 | B93: ORD-792581 | C93: 46110 | D93: 46125 | E93: 46130 | F93: SUP-004 | G93: Nile | H93: Egypt | I93: Kampala Warehouse | J93: Textiles | K93: SKU-TEX-216 | L93: Polyester Roll | M93: 708.45 | N93: USD | O93: =_xlfn.XLOOKUP(Supplier_Perf_Table[[#This Row],[Currency]],'Comments 2'!$C$4:$C$16,'Comments 2'!$D$4:$D$16) -> 1 | P93: =IFERROR(Supplier_Perf_Table[[#This Row],[Unit_Cost]]*Supplier_Perf_Table[[#This Row],[Dollar Equivalent]],"") -> 708.45 | Q93: 100 | R93: 70845 | S93: =Supplier_Perf_Table[[#This Row],[Unit_Cost]]*Supplier_Perf_Table[[#This Row],[Order_Quantity]] -> 70845 | T93: =IFERROR(Supplier_Perf_Table[[#This Row],[Dollar Equivalent]]*Supplier_Perf_Table[[#This Row],[Ordered_Value]],"") -> 70845 | U93: 8 | V93: 0.08 | W93: 20 | X93: =IFERROR(Supplier_Perf_Table[[#This Row],[Actual_Delivery_Date]]-Supplier_Perf_Table[[#This Row],[Order Date]],"") -> 20 | Y93: 15 | Z93: =IFERROR(Supplier_Perf_Table[[#This Row],[Expected Delivery_Date]]-Supplier_Perf_Table[[#This Row],[Order Date]],"") -> 15 | AA93: =Supplier_Perf_Table[[#This Row],[Calculated_Lead_Time2]]-Supplier_Perf_Table[[#This Row],[Calculated_Expected_Lead_Time]] -> 5 | AB93: 5 | AC93: Severely Delayed | AD93: Hold | AE93: Missing Invoice | AF93: Net 30 | AG93: Road | AH93: No Carrier Listed | AI93: FOB | AJ93: Late + defective | AK93: 1.9 | AL93: Warehouse Scan | AM93: Late delivery; Quality issue; Invoice issue
A94: PO-2026-00093 | B94: ORD-464395 | C94: 46169 | D94: 46184 | E94: 46191 | F94: SUP-015 | G94: Kampala | H94: Uganda | I94: Kigali Assembly | J94: Electronics | K94: SKU-ELE-244 | L94: LED Driver | M94: 1304.82 | N94: KES | O94: =_xlfn.XLOOKUP(Supplier_Perf_Table[[#This Row],[Currency]],'Comments 2'!$C$4:$C$16,'Comments 2'!$D$4:$D$16) -> 0.0077 | P94: =IFERROR(Supplier_Perf_Table[[#This Row],[Unit_Cost]]*Supplier_Perf_Table[[#This Row],[Dollar Equivalent]],"") -> 10.047114 | Q94: 1000 | R94: 1304820 | S94: =Supplier_Perf_Table[[#This Row],[Unit_Cost]]*Supplier_Perf_Table[[#This Row],[Order_Quantity]] -> 1304820 | T94: =IFERROR(Supplier_Perf_Table[[#This Row],[Dollar Equivalent]]*Supplier_Perf_Table[[#This Row],[Ordered_Value]],"") -> 10047.114 | U94: 12 | V94: 0.012 | W94: 22 | X94: =IFERROR(Supplier_Perf_Table[[#This Row],[Actual_Delivery_Date]]-Supplier_Perf_Table[[#This Row],[Order Date]],"") -> 22 | Y94: 15 | Z94: =IFERROR(Supplier_Perf_Table[[#This Row],[Expected Delivery_Date]]-Supplier_Perf_Table[[#This Row],[Order Date]],"") -> 15 | AA94: =Supplier_Perf_Table[[#This Row],[Calculated_Lead_Time2]]-Supplier_Perf_Table[[#This Row],[Calculated_Expected_Lead_Time]] -> 7 | AC94: Very Late | AD94: Accepted | AE94: Matched | AF94: 50% Advance / 50% Delivery | AG94: Road | AH94: Kuehne+Nagel | AI94: FOB | AJ94: N/A | AK94: 3.1 | AL94: API Feed | AM94: Late delivery
A95: PO-2026-00094 | B95: ORD-492610 | C95: 46157 | D95: 46171 | E95: 46179 | F95: SUP-012 | G95: AbidjanCS | H95: Ivory Coast | I95: Accra Hub | J95: Textiles | K95: SKU-TEX-284 | L95: Polyester Roll | M95: 273.17 | N95: GHS | O95: =_xlfn.XLOOKUP(Supplier_Perf_Table[[#This Row],[Currency]],'Comments 2'!$C$4:$C$16,'Comments 2'!$D$4:$D$16) -> 0.089 | P95: =IFERROR(Supplier_Perf_Table[[#This Row],[Unit_Cost]]*Supplier_Perf_Table[[#This Row],[Dollar Equivalent]],"") -> 24.31213 | Q95: 150 | R95: 40975.5 | S95: =Supplier_Perf_Table[[#This Row],[Unit_Cost]]*Supplier_Perf_Table[[#This Row],[Order_Quantity]] -> 40975.5 | T95: =IFERROR(Supplier_Perf_Table[[#This Row],[Dollar Equivalent]]*Supplier_Perf_Table[[#This Row],[Ordered_Value]],"") -> 3646.8195 | U95: 9 | V95: 0.06 | W95: 22 | X95: =IFERROR(Supplier_Perf_Table[[#This Row],[Actual_Delivery_Date]]-Supplier_Perf_Table[[#This Row],[Order Date]],"") -> 22 | Y95: 14 | Z95: =IFERROR(Supplier_Perf_Table[[#This Row],[Expected Delivery_Date]]-Supplier_Perf_Table[[#This Row],[Order Date]],"") -> 14 | AA95: =Supplier_Perf_Table[[#This Row],[Calculated_Lead_Time2]]-Supplier_Perf_Table[[#This Row],[Calculated_Expected_Lead_Time]] -> 8 | AB95: 8 | AC95: Very Late | AD95: Partial Reject | AE95: Matched | AF95: 50% Advance / 50% Delivery | AG95: Road | AH95: GIG Logistics | AI95: FOB | AJ95: Damaged packaging | AK95: 3.3 | AL95: Email Invoice | AM95: Late delivery; Quality issue
A96: PO-2026-00026 | B96: ORD-792815 | C96: 46093 | D96: 46097 | E96: 46109 | F96: SUP-001 | G96: Primesteel | H96: Nigeria | I96: Kampala Warehouse | J96: Metals | K96: SKU-MET-990 | L96: Steel Coil | M96: 2775.85 | N96: KES | O96: =_xlfn.XLOOKUP(Supplier_Perf_Table[[#This Row],[Currency]],'Comments 2'!$C$4:$C$16,'Comments 2'!$D$4:$D$16) -> 0.0077 | P96: =IFERROR(Supplier_Perf_Table[[#This Row],[Unit_Cost]]*Supplier_Perf_Table[[#This Row],[Dollar Equivalent]],"") -> 21.374045 | Q96: 2000 | R96: 5551700 | S96: =Supplier_Perf_Table[[#This Row],[Unit_Cost]]*Supplier_Perf_Table[[#This Row],[Order_Quantity]] -> 5551700 | T96: =IFERROR(Supplier_Perf_Table[[#This Row],[Dollar Equivalent]]*Supplier_Perf_Table[[#This Row],[Ordered_Value]],"") -> 42748.09 | U96: 50 | V96: 0.025 | W96: 16 | X96: =IFERROR(Supplier_Perf_Table[[#This Row],[Actual_Delivery_Date]]-Supplier_Perf_Table[[#This Row],[Order Date]],"") -> 16 | Y96: 4 | Z96: =IFERROR(Supplier_Perf_Table[[#This Row],[Expected Delivery_Date]]-Supplier_Perf_Table[[#This Row],[Order Date]],"") -> 4 | AA96: =Supplier_Perf_Table[[#This Row],[Calculated_Lead_Time2]]-Supplier_Perf_Table[[#This Row],[Calculated_Expected_Lead_Time]] -> 12 | AB96: 12 | AC96: Very Late | AD96: Accepted | AE96: Missing Invoice | AF96: Net 30 | AG96: Courier | AH96: Maersk | AI96: N/A | AJ96: N/A | AK96: 3.1 | AL96: Legacy CSV | AM96: Late delivery; Invoice issue
A97: PO-2026-00096 | B97: ORD-392182 | C97: 46203 | D97: 46222 | E97: 46220 | F97: SUP-005 | G97: Cape | H97: South Africa | I97: Accra Hub | J97: Industrial Supplies | K97: SKU-IND-511 | L97: Filter Cartridge | M97: 835.05 | N97: EGP | O97: =_xlfn.XLOOKUP(Supplier_Perf_Table[[#This Row],[Currency]],'Comments 2'!$C$4:$C$16,'Comments 2'!$D$4:$D$16) -> 0.019 | P97: =IFERROR(Supplier_Perf_Table[[#This Row],[Unit_Cost]]*Supplier_Perf_Table[[#This Row],[Dollar Equivalent]],"") -> 15.86595 | Q97: 500 | R97: 417525 | S97: =Supplier_Perf_Table[[#This Row],[Unit_Cost]]*Supplier_Perf_Table[[#This Row],[Order_Quantity]] -> 417525 | T97: =IFERROR(Supplier_Perf_Table[[#This Row],[Dollar Equivalent]]*Supplier_Perf_Table[[#This Row],[Ordered_Value]],"") -> 7932.975 | U97: 12 | V97: 0.024 | W97: 17 | X97: =IFERROR(Supplier_Perf_Table[[#This Row],[Actual_Delivery_Date]]-Supplier_Perf_Table[[#This Row],[Order Date]],"") -> 17 | Y97: 19 | Z97: =IFERROR(Supplier_Perf_Table[[#This Row],[Expected Delivery_Date]]-Supplier_Perf_Table[[#This Row],[Order Date]],"") -> 19 | AA97: =Supplier_Perf_Table[[#This Row],[Calculated_Lead_Time2]]-Supplier_Perf_Table[[#This Row],[Calculated_Expected_Lead_Time]] -> -2 | AB97: -2 | AC97: On Time | AD97: Accepted | AE97: Disputed | AF97: Net 30 | AG97: Not Stated | AH97: Kuehne+Nagel | AI97: N/A | AJ97: N/A | AK97: 3.2 | AL97: Supplier Portal | AM97: Invoice issue
A98: PO-2026-00097 | B98: ORD-626891 | C98: 46082 | D98: 46107 | E98: 46099 | F98: SUP-007 | G98: Dar | H98: Tanzania | I98: Cape Town Plant | J98: Industrial Supplies | K98: SKU-IND-332 | L98: Filter Cartridge | M98: 613.12 | N98: NGN | O98: =_xlfn.XLOOKUP(Supplier_Perf_Table[[#This Row],[Currency]],'Comments 2'!$C$4:$C$16,'Comments 2'!$D$4:$D$16) -> 0.00073 | P98: =IFERROR(Supplier_Perf_Table[[#This Row],[Unit_Cost]]*Supplier_Perf_Table[[#This Row],[Dollar Equivalent]],"") -> 0.4475776 | R98: 613120 | S98: =Supplier_Perf_Table[[#This Row],[Unit_Cost]]*Supplier_Perf_Table[[#This Row],[Order_Quantity]] -> #VALUE! | T98: =IFERROR(Supplier_Perf_Table[[#This Row],[Dollar Equivalent]]*Supplier_Perf_Table[[#This Row],[Ordered_Value]],"") -> 447.5776 | U98: 33 | V98: 0.033 | W98: 17 | X98: =IFERROR(Supplier_Perf_Table[[#This Row],[Actual_Delivery_Date]]-Supplier_Perf_Table[[#This Row],[Order Date]],"") -> 17 | Y98: 25 | Z98: =IFERROR(Supplier_Perf_Table[[#This Row],[Expected Delivery_Date]]-Supplier_Perf_Table[[#This Row],[Order Date]],"") -> 25 | AA98: =Supplier_Perf_Table[[#This Row],[Calculated_Lead_Time2]]-Supplier_Perf_Table[[#This Row],[Calculated_Expected_Lead_Time]] -> -8 | AB98: -8 | AC98: On Time | AD98: Accepted | AE98: Disputed | AF98: Net 45 | AG98: Road | AH98: No Carrier Listed | AI98: CIF | AJ98: N/A | AK98: 4.5 | AL98: ERP | AM98: Invoice issue
A99: PO-2026-00098 | B99: ORD-324311 | C99: 46130 | D99: 46137 | E99: 46140 | F99: SUP-014 | G99: Kano | H99: Nigeria | I99: Abuja Plant | J99: Packaging | K99: SKU-PAC-781 | L99: Bottle Caps | M99: 577.04 | N99: USD | O99: =_xlfn.XLOOKUP(Supplier_Perf_Table[[#This Row],[Currency]],'Comments 2'!$C$4:$C$16,'Comments 2'!$D$4:$D$16) -> 1 | P99: =IFERROR(Supplier_Perf_Table[[#This Row],[Unit_Cost]]*Supplier_Perf_Table[[#This Row],[Dollar Equivalent]],"") -> 577.04 | R99: 0 | S99: =Supplier_Perf_Table[[#This Row],[Unit_Cost]]*Supplier_Perf_Table[[#This Row],[Order_Quantity]] -> #VALUE! | T99: =IFERROR(Supplier_Perf_Table[[#This Row],[Dollar Equivalent]]*Supplier_Perf_Table[[#This Row],[Ordered_Value]],"") -> 0 | U99: 30 | V99: 0.04 | W99: 10 | X99: =IFERROR(Supplier_Perf_Table[[#This Row],[Actual_Delivery_Date]]-Supplier_Perf_Table[[#This Row],[Order Date]],"") -> 10 | Y99: 7 | Z99: =IFERROR(Supplier_Perf_Table[[#This Row],[Expected Delivery_Date]]-Supplier_Perf_Table[[#This Row],[Order Date]],"") -> 7 | AA99: =Supplier_Perf_Table[[#This Row],[Calculated_Lead_Time2]]-Supplier_Perf_Table[[#This Row],[Calculated_Expected_Lead_Time]] -> 3 | AB99: 3 | AC99: Delayed | AD99: Accepted | AE99: Matched | AF99: 50% Advance / 50% Delivery | AG99: Not Stated | AH99: Bollore Logistics | AI99: FOB | AJ99: N/A | AK99: 2.5 | AL99: Manual Excel Upload | AM99: Late delivery
A100: PO-2026-00099 | B100: ORD-765302 | C100: 46091 | D100: 46104 | E100: 46102 | F100: SUP-011 | G100: Kigali | H100: Rwanda | I100: Cape Town Plant | J100: Machinery Parts | K100: SKU-MAC-561 | L100: Gear Assembly | M100: 371.15 | N100: KES | O100: =_xlfn.XLOOKUP(Supplier_Perf_Table[[#This Row],[Currency]],'Comments 2'!$C$4:$C$16,'Comments 2'!$D$4:$D$16) -> 0.0077 | P100: =IFERROR(Supplier_Perf_Table[[#This Row],[Unit_Cost]]*Supplier_Perf_Table[[#This Row],[Dollar Equivalent]],"") -> 2.857855 | Q100: 300 | R100: 111345 | S100: =Supplier_Perf_Table[[#This Row],[Unit_Cost]]*Supplier_Perf_Table[[#This Row],[Order_Quantity]] -> 111345 | T100: =IFERROR(Supplier_Perf_Table[[#This Row],[Dollar Equivalent]]*Supplier_Perf_Table[[#This Row],[Ordered_Value]],"") -> 857.3565 | U100: 9 | V100: 0.03 | W100: 11 | X100: =IFERROR(Supplier_Perf_Table[[#This Row],[Actual_Delivery_Date]]-Supplier_Perf_Table[[#This Row],[Order Date]],"") -> 11 | Y100: 13 | Z100: =IFERROR(Supplier_Perf_Table[[#This Row],[Expected Delivery_Date]]-Supplier_Perf_Table[[#This Row],[Order Date]],"") -> 13 | AA100: =Supplier_Perf_Table[[#This Row],[Calculated_Lead_Time2]]-Supplier_Perf_Table[[#This Row],[Calculated_Expected_Lead_Time]] -> -2 | AB100: -2 | AC100: On Time | AD100: Accepted | AE100: Matched | AF100: Advance | AG100: Not Stated | AH100: No Carrier Listed | AI100: fob | AJ100: N/A | AK100: 4.9 | AL100: API Feed | AM100: N/A
...

Sheet Raw_Dirty_Data
A1: PO_ID | B1: Order_ID | C1: Order_Date | D1: Expected_Delivery_Date | E1: Actual_Delivery_Date | F1: Supplier_ID | G1: Supplier_Name | H1: Supplier_Country | I1: Buyer_Location | J1: Product_Category | K1: SKU | L1: Item_Description | M1: Unit_Cost | N1: Currency | O1: Order_Quantity | P1: Ordered_Value | Q1: Defective_Units | R1: Defect_Rate | S1: Lead_Time_Days | T1: Promised_Lead_Time_Days | U1: Lead_Time_Variance_Days | V1: Delivery_Status | W1: Quality_Status | X1: Invoice_Status | Y1: Payment_Terms | Z1: Shipping_Mode | AA1: Carrier | AB1: Incoterm | AC1: Rejection_Reason | AD1: Supplier_Rating | AE1: Data_Source | AF1: Data_Quality_Notes | AG1: Column1
A2: PO-2026-00001 | B2: ORD-585176 | C2: 46081 | D2: 46101 | E2: 46111 | F2: SUP-007 | G2: Dar Machinery Parts | H2: TZA | I2: Lagos DC | J2: Machinery Parts | K2: SKU-MAC-466 | L2: Hydraulic Hose | M2: 353.52 | N2: KES | O2: 1500 | P2: 530280 | Q2: 41 | R2: 0.0273 | T2: 20 | U2: 10 | V2: Severely Delayed | W2: Accepted | X2: Pending | Y2: Net 45 | Z2: Sea | AB2: DDP | AD2: 2.2 | AE2: Supplier Portal | AF2: Late delivery | AG2: data quality note and rejection reason - blank
A3: PO-2026-00001 | B3: ORD-317662 | C3: 46066 | E3: 46082 | F3: SUP-009 | G3: MOMBASA ELECTRICALS | H3: KEN | I3: Kampala Warehouse | J3: Electronics | K3: SKU-ELE-426 | L3: Power Adapter | M3: 24.24 | N3: ZAR | O3: 100 | P3: 2424 | Q3: 0 | R3: 0 | S3: 16 | T3: 13 | U3: 3 | V3: late | W3: Accepted | X3: PENDING | Z3: Rail | AA3: Kuehne+Nagel | AB3: EXW | AD3: 5 | AE3: Legacy CSV | AF3: Late delivery | AG3: rating-negaive and 4 star
A4: PO-2026-00003 | B4: ORD-541564 | C4: 46151 | D4: 46160 | E4: 46165 | F4: SUP-014 | G4: KANO INDUSTRIAL TRADERS | H4: NGA | I4: Accra Hub | J4: Industrial Supplies | K4: SKU-IND-171 | L4: Filter Cartridge | M4: 690.99 | N4: USD | O4: 300 | P4: 207297 | Q4: 5 | R4: 0.0167 | S4: 14 | T4: 9 | U4: 5 | V4: LATE | W4: Accepted | X4: matched | Y4: COD | Z4: road | AB4: DDP | AD4: 4.9 | AE4: Supplier Portal | AF4: Late delivery
A5: PO-2026-00004 | B5: ORD-635943 | C5: 46127 | D5: 46139 | E5: 46147 | F5: SUP-015 | G5: kampala packaging hub | H5: UGA | I5: Dar es Salaam Port | J5: Textiles | K5: SKU-TEX-310 | L5: Polyester Roll | M5: 375.45 | N5: USD | O5: 1000 | P5: 375450 | Q5: 49 | R5: 0.049 | S5: -5 | T5: 12 | V5: Severely Delayed | W5: Hold | X5: Pending | Y5: COD | Z5: SEA | AB5: DDP | AC5: Damaged packaging | AD5: 3.3 | AE5: Email Invoice | AF5: Late delivery; Quality issue
A6: PO-2026-00005 | B6: ORD-833742 | C6: 46178 | D6: 46191 | E6: 46185 | F6: SUP-011 | G6: Kigali Precision Tools | H6: Rwanda | I6: Kigali Assembly | J6: Machinery Parts | K6: SKU-MAC-288 | L6: Conveyor Belt | M6: 2996.25 | N6: GHS | O6: 75 | P6: 224718.75 | Q6: 0 | R6: 0 | S6: 7 | T6: 13 | U6: -6 | V6: On Time | W6: Accepted | X6: matched | Y6: net30 | AA6: Bollore Logistics | AB6: EXW | AD6: 3.4 | AE6: Email Invoice
A7: PO-2026-00004 | B7: ORD-660938 | C7: 05-07-2026 | D7: 46163 | E7: 46160 | F7: SUP-004 | G7: Nile Textiles Co. | H7: EG | I7: Abuja Plant | J7: Industrial Supplies | K7: SKU-IND-861 | L7: Safety Gloves | M7: 224.15 | N7: KES | O7: 1000 | P7: 224150 | Q7: 70 | R7: 0.07 | S7: 11 | T7: 14 | U7: -3 | V7: ON TIME | W7: Hold | X7: Pending | Y7: COD | Z7: Sea | AA7: Bollore Logistics | AB7: FOB | AC7: Missing certificate | AD7: 1.8 | AE7: Email Invoice | AF7: Quality issue
A8: PO-2026-00007 | B8: ORD-717922 | C8: 46120 | D8: 46137 | E8: 46142 | F8: SUP-002 | G8: Kentech Components | H8: Kenya | I8: Lagos DC | J8: Electronics | K8: SKU-ELE-698 | L8: Power Adapter | M8: 3665.29 | N8: EGP | O8: 1000 | P8: 3665290 | Q8: 14 | R8: 0.014 | S8: 22 | T8: 17 | U8: 5 | V8: Severely Delayed | W8: Accepted | X8: Matched | Y8: Net 30 | Z8: Courier | AA8: Bollore Logistics | AB8: FOB | AD8: 3.4 | AE8: ERP | AF8: Late delivery
A9: PO-2026-00008 | B9: ORD-198520 | C9: 46097 | D9: 46113 | E9: 46098 | F9: SUP-015 | G9: Kampala Packaging Hub | H9: UG | I9: Kigali Assembly | J9: Packaging | K9: SKU-PAC-104 | L9: Corrugated Box | M9: 719.98 | N9: EGP | O9: 1000 | P9: 719980 | Q9: 32 | R9: 0.032 | S9: 1 | T9: 16 | U9: -15 | V9: On Time | W9: Accepted | X9: Pending | Z9: Rail | AA9: Bollore Logistics | AB9: FOB | AD9: 2.9 | AE9: API Feed
A10: PO-2026-00009 | B10: ORD-346142 | C10: 16/02/2026 | D10: 46087 | E10: 46085 | F10: SUP-005 | G10: Cape Logistics Supplies | H10: SA | I10: Nairobi DC | J10: Industrial Supplies | K10: SKU-IND-637 | L10: Lubricant Drum | M10: 200.24 | N10: USD | O10: -500 | P10: 100120 | Q10: 13 | R10: 0.026 | S10: 16 | T10: 18 | U10: -2 | V10: On Time | W10: Accepted | X10: Pending | Y10: COD | Z10: SEA | AA10: No carrier listed | AB10: DDP | AD10: 4.6 | AE10: Email Invoice
A11: PO-2026-00010 | B11: ORD-493495 | C11: 46167 | D11: 46180 | E11: 07/06/2026 | F11: SUP-002 | G11: KENTECH COMPONENTS | H11: Kenya | I11: Nairobi DC | J11: Electronics | K11: SKU-ELE-651 | L11: Control Board | M11: 3659.46 | N11: KES | O11: 300 units | P11: 1,097,838.00 | Q11: 7 | R11: 0.0233 | S11: 13 | T11: 13 | U11: 0 | V11: On Time | W11: Accepted | X11: Disputed | Z11: Air | AA11: DHL | AB11: EXW | AD11: 2.2 | AE11: Supplier Portal | AF11: Invoice issue
A12: PO-2026-00011 | B12: ORD-901706 | C12: 46041 | D12: 46057 | E12: 46058 | F12: SUP-004 | G12: nile textiles co. | H12: Egypt | I12: Dar es Salaam Port | J12: Textiles | K12: SKU-TEX-536 | L12: Polyester Roll | M12: 361.63 | N12: USD | O12: 2000 | P12: 723260 | Q12: 102 | R12: 0.051 | S12: 17 | T12: 16 | U12: 1 | V12: Late | W12: Hold | X12: Pending | Y12: net30 | Z12: Rail | AA12: Maersk | AB12: CIF | AC12: Missing certificate | AD12: N/A | AE12: Manual Excel Upload | AF12: Late delivery; Quality issue
A13: PO-2026-00012 | B13: ORD-504910 | C13: 46094 | D13: 46111 | E13: 04/04/2026 | F13: SUP-013 | G13: Casablanca Components | I13: Abuja Plant | J13: Electronics | K13: SKU-ELE-179 | L13: LED Driver | M13: 2943 | N13: KES | O13: 50 | P13: 147150 | Q13: 0 | R13: 0 | S13: 22 | T13: 17 | U13: 5 | V13: Severely Delayed | W13: Accepted | X13: Missing Invoice | Y13: net30 | Z13: Courier | AA13: Kuehne+Nagel | AB13: fob | AD13: 4.5 | AE13: API Feed | AF13: Late delivery; Invoice issue
A14: PO-2026-00013 | B14: ORD-105026 | C14: 06-04-2026 | D14: 46184 | E14: 10/06/2026 | F14: SUP-003 | G14: SAHARA PACKAGING | H14: Nigeria | I14: Nairobi DC | J14: Raw Materials | K14: SKU-RAW-990 | L14: Chemical Additive | M14: 719.52 | N14: ZAR | O14: 1000 | P14: 719520 | Q14: 1 | R14: 0.001 | S14: 6 | T14: 7 | V14: on-time | W14: Accepted | X14: Missing Invoice | Z14: Rail | AA14: Kuehne+Nagel | AB14: FOB | AD14: 3.3 | AE14: ERP | AF14: Invoice issue
A15: PO-2026-00014 | B15: ORD-659835 | C15: 46165 | D15: 46172 | E15: 46173 | F15: SUP-003 | G15: sahara packaging | H15: NG | I15: Accra Hub | J15: Raw Materials | K15: SKU-RAW-121 | L15: Chemical Additive | M15: 286.22 | N15: NGN | O15: 150 | P15: 42933 | Q15: 2 | R15: 0.0133 | S15: 8 | T15: 7 | U15: 1 | V15: Late | W15: Accepted | X15: Pending | Y15: net30 | Z15: road | AA15: Bollore Logistics | AB15: FOB | AD15: 4.2 | AE15: Manual Excel Upload | AF15: Late delivery
A16: PO-2026-00015 | B16: ORD-389548 | C16: 46195 | D16: 46197 | E16: 26/06/2026 | F16: SUP-001 | G16: PrimeSteel Limited | H16: NG | I16: Kigali Assembly | J16: Metals | K16: SKU-MET-232 | L16: Aluminium Sheet | M16: 997.52 | N16: GHS | O16: 2000 | P16: 1995040 | Q16: 31 | R16: 0.0155 | S16: 4 | T16: 2 | U16: 2 | V16: Delayed | W16: Accepted | Y16: COD | Z16: Sea | AA16: Kuehne+Nagel | AD16: 4 | AE16: API Feed | AF16: Late delivery; Invoice issue
A17: PO-2026-00016 | B17: ORD-899022 | C17: 46159 | D17: 46177 | E17: 2026.06.10 | F17: SUP-013 | G17: Casablanca Components | H17: Morocco | I17: Dar es Salaam Port | J17: Metals | K17: SKU-MET-608 | L17: Steel Coil | M17: 1754.18 | N17: KES/NGN | O17: 200 | P17: 350836 | Q17: 6 | R17: 0.03 | S17: 24 days | T17: 18 | U17: 6 | V17: Severely Delayed | W17: Accepted | X17: Disputed | Y17: Net 45 | Z17: Road | AA17: Local Truck Partner | AB17: FOB | AD17: 2.1 | AE17: API Feed | AF17: Late delivery; Invoice issue
A18: PO-2026-00017 | B18: ORD-683817 | C18: 46163 | D18: 46177 | E18: 46183 | F18: SUP-007 | G18: dar machinery parts | H18: Tanzania | I18: Port Harcourt Warehouse | J18: Machinery Parts | K18: SKU-MAC-888 | L18: Bearing Set | M18: 2499.94 | N18: GHS | O18: 200 | P18: 499988 | Q18: 5 | R18: 0.025 | S18: 20 | T18: 14 | U18: 6 | V18: Severely Delayed | W18: Accepted | X18: Matched | Y18: COD | Z18: Courier | AA18: Local Truck Partner | AB18: FOB | AD18: 2.5 | AE18: API Feed | AF18: Late delivery
A19: PO-2026-00011 | B19: ORD-334714 | C19: 46079 | E19: 46092 | F19: SUP-015 | G19: Kampala Packaging Hub | H19: UGA | I19: Nairobi DC | J19: Machinery Parts | K19: SKU-MAC-913 | L19: Conveyor Belt | M19: 375.4 | N19: USD | O19: 200 | P19: 75080 | Q19: 11 | R19: 0.055 | S19: 13 | T19: 12 | U19: 1 | V19: late | W19: Hold | X19: Missing Invoice | Y19: Net 45 | Z19: Rail | AA19: No carrier listed | AB19: FOB | AC19: Wrong specification | AD19: 1.5 | AE19: Warehouse Scan | AF19: Late delivery; Quality issue; Invoice issue
A20: PO-2026-00019 | B20: ORD-808592 | C20: 46045 | D20: 46056 | E20: 46057 | F20: SUP-002 | G20: KENTECH COMPONENTS | H20: KE | I20: Dar es Salaam Port | J20: Electronics | K20: SKU-ELE-297 | L20: Sensor Module | M20: 3315.83 | N20: USD | O20: 50 | P20: 165791.5 | Q20: 0 | R20: 0 | S20: 12 | T20: 11 | U20: 1 | V20: late | W20: Accepted | X20: PENDING | Y20: Advance | AA20: DHL | AB20: DAP | AD20: 2.2 | AE20: Manual Excel Upload | AF20: Late delivery
A21: PO-2026-00020 | B21: ORD-406468 | C21: 46073 | D21: 46082 | E21: 46086 | G21: KAMPALA PACKAGING HUB | H21: Uganda | I21: Lagos DC | J21: Machinery Parts | K21: SKU-MAC-761 | L21: Conveyor Belt | M21: 1685.89 | N21: KES | O21: 750 | P21: 1264417.5 | Q21: 17 | R21: 0.0227 | S21: 13 | T21: 9 | U21: 4 | V21: Severely Delayed | W21: Accepted | X21: Disputed | Y21: Net 30 | Z21: Sea | AA21: DHL | AB21: fob | AD21: 4.8 | AE21: Legacy CSV | AF21: Missing/invalid supplier ID; Late delivery; Invoice issue
A22: PO-2026-00021 | B22: ORD-968088 | C22: 31/31/2026 | D22: 46107 | E22: 46099 | F22: SUP-015 | G22: kampala packaging hub | H22: UGA | I22: Nairobi DC | J22: Machinery Parts | K22: SKU-MAC-781 | L22: Gear Assembly | M22: 1181.69 | N22: EGP | O22: 500 | P22: 590845 | Q22: 6 | R22: 0.012 | S22: 4 | T22: 12 | U22: -8 | V22: on-time | W22: Accepted | X22: Matched | Z22: Air | AA22: Maersk | AD22: 2.9 | AE22: Manual Excel Upload
A23: PO-2026-00022 | B23: ORD-964937 | C23: 31/31/2026 | D23: 46125 | F23: SUP-002 | G23: Kentech Components | H23: Kenya | I23: Abuja Plant | J23: Raw Materials | K23: SKU-RAW-926 | L23: Polymer Resin | N23: KES | O23: 750 | P23: 359227.5 | R23: 0 | S23: 26 | T23: 14 | U23: 12 | V23: Very Late | W23: Accepted | X23: Matched | Y23: Net 30 | Z23: Rail | AA23: GIG Logistics | AB23: DAP | AD23: 1.6 | AE23: Manual Excel Upload | AF23: Late delivery
A24: PO-2026-00023 | B24: ORD-282581 | C24: 46082 | D24: 46093 | E24: 23/03/2026 | F24: SUP-006 | G24: Accra Agro Inputs | H24: GH | I24: Dar es Salaam Port | J24: Raw Materials | K24: SKU-RAW-494 | L24: Chemical Additive | M24: GHS 194.64 | N24: GHS | O24: 150 | P24: 29196 | Q24: 2 | R24: 0.0133 | S24: 22 days | T24: 11 | U24: 11 | V24: LATE | W24: Accepted | Y24: 50% Advance / 50% Delivery | Z24: Sea | AB24: FOB | AD24: 3 | AE24: Email Invoice | AF24: Late delivery; Invoice issue
A25: PO-2026-00024 | B25: ORD-661755 | C25: 46067 | D25: 46070 | E25: 2026.02.22 | F25: SUP-008 | G25: Lagos Plastics & Resin | H25: Nigeria | I25: Lagos DC | J25: Packaging | K25: SKU-PAC-793 | L25: Shipping Carton | M25: 439.15 | N25: GHS | O25: 1500 | P25: 658725 | Q25: 15 | R25: 0.01 | S25: 8 | T25: 3 | U25: 5 | V25: Very Late | W25: Accepted | Y25: COD | AA25: Kuehne+Nagel | AD25: 2.7 | AE25: Email Invoice | AF25: Late delivery; Invoice issue
A26: PO-2026-00025 | B26: ORD-993058 | C26: 46141 | D26: 46155 | E26: 46163 | F26: SUP-005 | G26: Cape Logistics Supplies | H26: SA | I26: Dar es Salaam Port | J26: Industrial Supplies | K26: SKU-IND-272 | L26: Filter Cartridge | M26: 747.31 | N26: NGN | O26: 1000 | P26: 747310 | Q26: 14 | R26: 0.014 | S26: 22 | T26: 14 | U26: 8 | V26: Very Late | W26: Accepted | X26: matched | Y26: Advance | Z26: Rail | AA26: Local Truck Partner | AD26: 2.9 | AE26: Warehouse Scan | AF26: Late delivery
A27: PO-2026-00026 | B27: ORD-554955 | C27: 46049 | E27: 46073 | F27: SUP-005 | H27: ZAF | I27: Accra Hub | J27: Industrial Supplies | K27: SKU-IND-780 | L27: Welding Rod | M27: 765.07 | N27: KES | O27: 500 | P27: 382535 | Q27: 6 | R27: 0.012 | S27: 24 | T27: 19 | U27: 5 | V27: LATE | W27: Accepted | X27: Matched | AA27: DHL | AB27: DDP | AD27: 2.4 | AE27: ERP | AF27: Late delivery
A28: PO-2026-00027 | B28: ORD-922995 | C28: 05/04/2026 | D28: 46126 | E28: 46128 | F28: SUP-008 | G28: Lagos Plastics & Resin | H28: Nigeria | I28: Dar es Salaam Port | J28: Packaging | K28: SKU-PAC-247 | L28: Plastic Film Roll | M28: 601.06 | N28: ZAR | O28: 100 | P28: 60106 | Q28: 2 | R28: 0.02 | S28: 11 | T28: 9 | U28: 2 | V28: Delayed | W28: Accepted | X28: PENDING | Z28: Air | AA28: Maersk | AB28: DAP | AD28: 4.7 | AE28: Supplier Portal | AF28: Late delivery
A29: PO-2026-00028 | B29: ORD-247297 | C29: 46166 | D29: 46184 | E29: 46173 | F29: SUP-009 | G29: Mombasa Electricals | H29: KE | I29: Nairobi DC | J29: Electronics | K29: SKU-ELE-420 | L29: Power Adapter | M29: 719.17 | N29: USD | O29: 500 | P29: 359585 | Q29: 2 | R29: 0.004 | S29: 7 | U29: -11 | V29: ON TIME | W29: Accepted | X29: Pending | Y29: COD | Z29: road | AA29: Maersk | AB29: DDP | AD29: 3.6 | AE29: Legacy CSV
A30: PO-2026-00009 | B30: ORD-302588 | C30: 46128 | D30: 46138 | E30: 46141 | F30: SUP-010 | G30: Addis Fabric Works | H30: ETH | I30: Accra Hub | J30: Textiles | K30: SKU-TEX-685 | L30: Label Tape | M30: 230.96 | N30: NGN | O30: 750 | P30: NGN 173,220.00 | Q30: 17 | R30: 0.0227 | S30: 13 | T30: 10 | U30: 3 | V30: Late | W30: Accepted | X30: Matched | Y30: net30 | Z30: SEA | AA30: DHL | AB30: FOB | AD30: 3.9 | AE30: Email Invoice | AF30: Late delivery
A31: PO-2026-00030 | B31: ORD-155259 | C31: 46078 | D31: 46090 | E31: 46086 | F31: SUP-014 | G31: KANO INDUSTRIAL TRADERS | H31: Nigeria | I31: Cape Town Plant | J31: Industrial Supplies | K31: SKU-IND-332 | L31: Lubricant Drum | M31: 606.01 | N31: EGP | O31: 75 | P31: 45450.75 | Q31: 0 | R31: 0 | S31: 8 | T31: 12 | U31: -4 | V31: On Time | W31: Accepted | X31: matched | Y31: Advance | Z31: Road | AA31: DHL | AB31: fob | AD31: 3.9 | AE31: API Feed
A32: PO-2026-00020 | B32: ORD-478850 | C32: 46134 | D32: 46141 | E32: 46134 | F32: SUP-003 | G32: Sahara Packaging | H32: Nigeria | I32: Abuja Plant | J32: Packaging | K32: SKU-PAC-433 | L32: Bottle Caps | M32: 604.62 | N32: ZAR | O32: -2000 | P32: 1209240 | Q32: 26 | R32: 0.013 | S32: 0 | T32: 7 | U32: -7 | V32: ON TIME | W32: Accepted | X32: Disputed | Z32: SEA | AA32: Maersk | AB32: FOB | AD32: 2.5 | AE32: Legacy CSV | AF32: Invoice issue
A33: PO-2026-00032 | B33: ORD-442501 | C33: 46187 | D33: 46198 | E33: 27/06/2026 | F33: SUP-010 | G33: Addis Fabric Works | H33: ET | I33: Cape Town Plant | J33: Raw Materials | K33: SKU-RAW-691 | L33: Polymer Resin | M33: 139.41 | N33: NGN | O33: 75 | P33: 10455.75 | Q33: 0 | R33: 0 | S33: 13 | T33: 11 | U33: 2 | V33: late | W33: Accepted | X33: matched | Y33: Net 45 | Z33: Rail | AA33: No carrier listed | AB33: FOB | AD33: 2.5 | AE33: Supplier Portal | AF33: Late delivery
A34: PO-2026-00033 | B34: ORD-614551 | C34: 46023 | D34: 46027 | E34: 46046 | F34: SUP-001 | G34: PrimeSteel Limited | H34: Nigeria | I34: Kampala Warehouse | J34: Metals | K34: SKU-MET-325 | L34: Rebar Bundle | M34: 1980.29 | N34: ZAR | O34: 150 | P34: 297043.5 | Q34: 0 | R34: 0 | S34: 23 | T34: 4 | U34: 19 | V34: LATE | W34: Accepted | X34: Matched | Y34: COD | Z34: Sea | AA34: GIG Logistics | AB34: FOB | AD34: 2.9 | AE34: Email Invoice | AF34: Late delivery
A35: PO-2026-00034 | B35: ORD-371681 | C35: 09/03/2026 | D35: 46100 | E35: 46105 | F35: SUP-012 | G35: Abidjan Chemical Supply | H35: Ivory Coast | I35: Cape Town Plant | J35: Textiles | K35: SKU-TEX-695 | L35: Label Tape | M35: 84.39 | N35: NGN | O35: 200 | P35: 16878 | Q35: 6 | R35: 0.03 | S35: 15 days | T35: 10 | U35: 5 | V35: LATE | W35: Accepted | X35: Matched | Y35: Net 30 | Z35: Air | AA35: Maersk | AB35: DAP | AD35: 3.8 | AE35: Supplier Portal | AF35: Late delivery
A36: PO-2026-00035 | B36: ORD-501471 | C36: 46183 | D36: 46198 | E36: 28/06/2026 | F36: SUP-015 | G36: Kampala Packaging Hub | H36: UG | I36: Cape Town Plant | J36: Industrial Supplies | K36: SKU-IND-561 | L36: Welding Rod | M36: 159.74 | N36: NGN | O36: 250 | P36: 39935 | Q36: 7 | R36: 0.028 | S36: 18 | T36: 15 | U36: 3 | V36: Late | W36: Accepted | X36: Pending | Y36: Net 45 | AA36: Kuehne+Nagel | AB36: EXW | AD36: 3.3 | AE36: Legacy CSV | AF36: Late delivery
A37: PO-2026-00036 | B37: ORD-772564 | C37: 46149 | D37: 46164 | E37: 28/05/2026 | F37: SUP-002 | G37: KENTECH COMPONENTS | H37: Kenya | I37: Cape Town Plant | J37: Electronics | K37: SKU-ELE-777 | L37: LED Driver | M37: 529.21 | N37: NGN | O37: 50 | Q37: 4 | R37: 0.08 | S37: 21 days | U37: check | V37: Severely Delayed | W37: Hold | X37: Missing Invoice | Z37: Air | AA37: Kuehne+Nagel | AC37: Missing certificate | AD37: 1.5 | AE37: ERP | AF37: Late delivery; Quality issue; Invoice issue
A38: PO-2026-00037 | B38: ORD-110526 | C38: 04-02-2026 | D38: 46118 | E38: 46114 | F38: SUP-001 | G38: primesteel ltd | H38: NGA | I38: Lagos DC | J38: Metals | K38: SKU-MET-256 | L38: Copper Rod | M38: -952.66 | N38: USD | O38: 1500 | P38: 1428990 | Q38: 30 | R38: 0.02 | S38: 0 | T38: 4 | U38: -4 | V38: Delivered Early | W38: Accepted | X38: Pending | Y38: Advance | Z38: Courier | AA38: Bollore Logistics | AB38: fob | AD38: 3 | AE38: Warehouse Scan
A39: PO-2026-00038 | B39: ORD-739791 | C39: 46119 | D39: 46134 | E39: 46142 | F39: SUP-002 | G39: KENTECH COMPONENTS | H39: KE | I39: Dar es Salaam Port | J39: Electronics | K39: SKU-ELE-619 | L39: Power Adapter | M39: 885.65 | N39: ZAR | O39: 500 | P39: 442825 | Q39: 8 | R39: 0.016 | S39: 23 | T39: 15 | U39: 8 | V39: Very Late | W39: Accepted | X39: Matched | Y39: Net 30 | Z39: Courier | AA39: Local Truck Partner | AD39: 1.6 | AE39: Legacy CSV | AF39: Late delivery
A40: PO-2026-00039 | B40: ORD-934912 | C40: 46152 | D40: 46158 | E40: 46163 | F40: SUP-001 | G40: PRIMESTEEL LTD | H40: NG | I40: Nairobi DC | J40: Metals | K40: SKU-MET-507 | L40: Aluminium Sheet | M40: 3265.48 | N40: USD | O40: 500 | P40: 1632740 | Q40: 25 | R40: 0.05 | S40: 11 | T40: 6 | U40: 5 | V40: LATE | W40: QUALITY HOLD | Y40: COD | Z40: Air | AB40: fob | AC40: Damaged packaging | AD40: -1 | AE40: Supplier Portal | AF40: Late delivery; Quality issue; Invoice issue
A41: PO-2026-00040 | B41: ORD-143438 | C41: 18/05/2026 | E41: 2026.06.07 | F41: SUP-009 | G41: Mombasa Electricals | H41: KEN | I41: Accra Hub | J41: Electronics | K41: SKU-ELE-591 | L41: Power Adapter | M41: 530.06 | N41: GHS | O41: 250 | P41: 132515 | Q41: 7 | R41: 0.028 | S41: 20 | T41: 13 | U41: 7 | V41: LATE | W41: Accepted | X41: matched | Y41: Net 45 | Z41: SEA | AB41: fob | AD41: 2.2 | AE41: Email Invoice | AF41: Late delivery
A42: PO-2026-00041 | B42: ORD-558816 | C42: 06-15-2026 | D42: 46205 | E42: 2026.07.02 | F42: SUP-004 | G42: Nile Textiles Co. | H42: EG | I42: Port Harcourt Warehouse | J42: Textiles | K42: SKU-TEX-651 | L42: Polyester Roll | M42: 785.86 | N42: EGP | O42: 500 | P42: 392930 | Q42: 26 | R42: 0.052 | S42: 17 | T42: 17 | U42: 0 | V42: on-time | W42: QUALITY HOLD | X42: Disputed | Y42: Advance | AA42: Bollore Logistics | AC42: High defect rate | AD42: 1.2 | AE42: ERP | AF42: Quality issue; Invoice issue
A43: PO-2026-00042 | B43: ORD-673944 | C43: 46168 | D43: 46172 | E43: 46180 | F43: SUP-003 | G43: sahara packaging | H43: Nigeria | I43: Abuja Plant | J43: Packaging | K43: SKU-PAC-153 | L43: Corrugated Box | N43: GHS | P43: 11792 | Q43: 0 | R43: 0 | S43: 12 | T43: 4 | V43: LATE | W43: Accepted | X43: PENDING | Y43: Advance | Z43: road | AA43: Bollore Logistics | AD43: 3.3 | AE43: Legacy CSV | AF43: Late delivery
A44: PO-2026-00043 | B44: ORD-766386 | C44: 46174 | D44: 46194 | F44: SUP-004 | G44: Nile Textiles Co. | H44: EG | I44: Dar es Salaam Port | J44: Textiles | K44: SKU-TEX-976 | L44: Label Tape | M44: 72.87 | N44: ngn | O44: 750 | P44: 54652.5 | Q44: 30 | R44: 0.04 | S44: 27 | T44: 20 | U44: 7 | V44: Severely Delayed | W44: Accepted | X44: Disputed | Y44: net30 | Z44: Road | AA44: Maersk | AB44: DDP | AD44: 1.4 | AE44: Legacy CSV | AF44: Late delivery; Invoice issue
A45: PO-2026-00044 | B45: ORD-537224 | C45: 46073 | D45: 46084 | E45: 46077 | F45: SUP-006 | G45: ACCRA AGRO INPUTS | H45: GHA | I45: Dar es Salaam Port | J45: Raw Materials | K45: SKU-RAW-659 | L45: Agro Binder | M45: 79.2 | N45: KES | O45: 750 | P45: 59400 | Q45: 36 | R45: 0.048 | S45: 4 | T45: 11 | U45: -7 | V45: on-time | W45: Hold | X45: Matched | Y45: COD | Z45: Courier | AA45: Local Truck Partner | AB45: FOB | AC45: Missing certificate | AD45: 1.7 | AE45: Warehouse Scan | AF45: Quality issue
A46: PO-2026-00045 | B46: ORD-525884 | C46: 46148 | D46: 46166 | E46: 46180 | F46: SUP-013 | G46: CASABLANCA COMPONENTS | H46: MAR | I46: Kampala Warehouse | J46: Electronics | K46: SKU-ELE-825 | L46: Power Adapter | M46: 2231.93 | N46: ZAR | O46: 500 | P46: 1115965 | Q46: 4 | R46: 0.008 | S46: 32 | T46: 18 | U46: 14 | V46: Very Late | W46: Accepted | X46: Missing Invoice | Y46: net30 | AA46: Maersk | AB46: DDP | AD46: 2 | AE46: Supplier Portal | AF46: Late delivery; Invoice issue
A47: PO-2026-00046 | B47: ORD-721440 | C47: 46059 | D47: 46082 | F47: SUP-005 | G47: CAPE LOGISTICS SUPPLIES | H47: South Africa | I47: Cape Town Plant | J47: Industrial Supplies | K47: SKU-IND-280 | L47: Safety Gloves | M47: 211.15 | N47: ZAR | O47: 2000 | P47: 422300 | Q47: 9 | R47: 0.0045 | T47: 23 | U47: 10 | V47: Very Late | W47: Accepted | X47: PENDING | Y47: 50% Advance / 50% Delivery | Z47: Sea | AA47: Bollore Logistics | AB47: EXW | AD47: 1.7 | AE47: Manual Excel Upload | AF47: Late delivery
A48: PO-2026-00047 | B48: ORD-758310 | C48: 46045 | D48: 46063 | E48: 18/02/2026 | F48: SUP-007 | G48: dar machinery parts | H48: TZ | I48: Port Harcourt Warehouse | J48: Electronics | K48: SKU-ELE-496 | L48: Sensor Module | M48: 2274.23 | N48: ZAR | O48: 200 | P48: 454846 | Q48: 0 | R48: 0 | S48: 26 | T48: 18 | V48: LATE | W48: Accepted | X48: Matched | Y48: Net 45 | AA48: No carrier listed | AD48: 2 | AE48: Legacy CSV | AF48: Late delivery
A49: PO-2026-00048 | B49: ORD-353449 | C49: 46032 | D49: 46049 | E49: 2026.01.31 | F49: SUP-009 | G49: MOMBASA ELECTRICALS | H49: KE | I49: Kigali Assembly | J49: Packaging | K49: SKU-PAC-146 | L49: Shipping Carton | M49: 111.49 | N49: EGP | O49: 750 | P49: 83617.5 | Q49: 32 | R49: 0.0427 | S49: 21 | T49: 17 | U49: 4 | V49: Very Late | W49: Hold | X49: PENDING | Y49: COD | Z49: Rail | AA49: DHL | AB49: DDP | AC49: Damaged packaging | AD49: 3.2 | AE49: Supplier Portal | AF49: Late delivery; Quality issue
A50: PO-2026-00009 | B50: ORD-110052 | C50: 26/04/2026 | D50: 46147 | E50: 46147 | F50: SUP-001 | G50: primesteel ltd | H50: Nigeria | I50: Kampala Warehouse | J50: Machinery Parts | K50: SKU-MAC-832 | L50: Bearing Set | M50: 247.1 | N50: ZAR | O50: 75 | P50: 18532.5 | Q50: 1 | R50: 0.0133 | S50: 9 | T50: 9 | U50: 0 | V50: Delivered Early | W50: Accepted | X50: Disputed | Y50: Net 45 | Z50: SEA | AA50: Maersk | AB50: DDP | AD50: 3.8 | AE50: Email Invoice | AF50: Invoice issue
A51: PO-2026-00050 | B51: ORD-208395 | C51: 06-18-2026 | D51: TBD | E51: 46202 | F51: SUP-006 | G51: Accra Agro Inputs | H51: GH | I51: Nairobi DC | J51: Packaging | K51: SKU-PAC-769 | L51: Corrugated Box | M51: 496.7 | N51: EGP | O51: 75 | P51: 37252.5 | Q51: 0 | R51: 0 | S51: 11 | T51: 14 | U51: -3 | V51: On Time | W51: Accepted | Y51: COD | Z51: Air | AA51: No carrier listed | AB51: DDP | AD51: 3.3 | AE51: Legacy CSV | AF51: Invoice issue
A52: PO-2026-00051 | B52: ORD-292989 | C52: 31/01/2026 | D52: 46061 | E52: 46065 | F52: SUP-006 | G52: ACCRA AGRO INPUTS | H52: Ghana | I52: Kampala Warehouse | J52: Raw Materials | K52: SKU-RAW-117 | L52: Input Granules | M52: 672.03 | N52: USD | O52: 200 | P52: USD 134,406.00 | Q52: 3 | R52: 0.015 | S52: 12 | T52: 8 | U52: 4 | V52: Severely Delayed | W52: Accepted | X52: Matched | Y52: Net 30 | Z52: Air | AA52: Maersk | AB52: CIF | AD52: 2.6 | AE52: Legacy CSV | AF52: Late delivery
A53: PO-2026-00052 | B53: ORD-332376 | C53: 46191 | E53: 46197 | F53: SUP-015 | G53: KAMPALA PACKAGING HUB | H53: UGA | I53: Abuja Plant | J53: Packaging | K53: SKU-PAC-365 | L53: Shipping Carton | M53: 766.08 | N53: EGP | O53: 75 | P53: 57456 | Q53: 0 | R53: 0 | S53: 6 | T53: 10 | U53: -4 | V53: ON TIME | W53: Accepted | X53: matched | Y53: net30 | Z53: Sea | AA53: GIG Logistics | AB53: DDP | AD53: 3.9 | AE53: Legacy CSV
A54: PO-2026-00053 | B54: ORD-850933 | C54: 46035 | F54: SUP-004 | G54: Nile Textiles Co. | H54: EG | I54: Kigali Assembly | J54: Textiles | K54: SKU-TEX-873 | L54: Polyester Roll | M54: 651.68 | N54: KES | O54: 75 | P54: 48876 | Q54: 0 | R54: 0 | T54: 18 | U54: 11 | V54: Severely Delayed | W54: Accepted | X54: Disputed | Y54: COD | Z54: Sea | AA54: No carrier listed | AB54: EXW | AD54: 3.3 | AE54: Manual Excel Upload | AF54: Late delivery; Invoice issue
A55: PO-2026-00054 | B55: ORD-187106 | C55: 46106 | D55: 01-Apr-2026 | E55: 2026.04.06 | F55: SUP-003 | G55: Sahara Packaging | H55: NGA | I55: Kampala Warehouse | J55: Packaging | K55: SKU-PAC-405 | L55: Shipping Carton | M55: 193.09 | N55: EGP | O55: 500 | P55: 96545 | Q55: 0 | R55: 0 | S55: 12 | T55: 7 | U55: 5 | V55: Very Late | W55: Accepted | Y55: Net 30 | Z55: road | AA55: DHL | AB55: CIF | AD55: 4.2 | AE55: API Feed | AF55: Late delivery; Invoice issue
A56: PO-2026-00055 | B56: ORD-437184 | C56: 46098 | D56: 46115 | E56: 46124 | F56: SUP-013 | G56: Casablanca Components | H56: MA | I56: Port Harcourt Warehouse | J56: Raw Materials | K56: SKU-RAW-221 | L56: Chemical Additive | M56: 745.01 | N56: ZAR | O56: 150 | P56: 111751.5 | R56: 0.0067 | S56: unknown | T56: 17 | U56: 9 | V56: Severely Delayed | W56: Accepted | Z56: Courier | AA56: Local Truck Partner | AB56: FOB | AD56: 2.9 | AE56: Legacy CSV | AF56: Late delivery; Invoice issue
A57: PO-2026-00056 | B57: ORD-407433 | C57: 46155 | D57: 46175 | E57: 46183 | F57: SUP-005 | G57: CAPE LOGISTICS SUPPLIES | H57: S. Africa | I57: Accra Hub | J57: Industrial Supplies | K57: SKU-IND-470 | L57: Lubricant Drum | M57: 408.48 | N57: GHS | O57: 1000 | P57: 408480 | Q57: 1016 | R57: 0.014 | S57: 28 | T57: 20 | U57: 8 | V57: Severely Delayed | W57: Accepted | Y57: 50% Advance / 50% Delivery | Z57: road | AA57: Kuehne+Nagel | AB57: EXW | AD57: 1.8 | AE57: Manual Excel Upload | AF57: Late delivery; Invoice issue
A58: PO-2026-00057 | B58: ORD-915148 | C58: 46189 | D58: 46201 | E58: 46212 | F58: SUP-008 | G58: Lagos Plastics & Resin | H58: nigeria | I58: Kigali Assembly | J58: Textiles | K58: SKU-TEX-229 | L58: Uniform Material | M58: 507.98 | N58: GHS | O58: 50 | P58: 25399 | Q58: 3 | R58: 0.06 | S58: 23 | T58: 12 | U58: 11 | V58: LATE | W58: Hold | X58: Matched | Y58: net30 | Z58: Air | AA58: Local Truck Partner | AC58: High defect rate | AD58: 3.4 | AE58: Legacy CSV | AF58: Late delivery; Quality issue
A59: PO-2026-00058 | B59: ORD-213254 | C59: 20/03/2026 | D59: 46112 | E59: 46111 | F59: SUP-009 | G59: Mombasa Electricals | H59: KEN | I59: Abuja Plant | J59: Industrial Supplies | K59: SKU-IND-447 | L59: Safety Gloves | M59: 510.27 | N59: EGP | O59: 1000 | P59: 510270 | Q59: 10 | R59: 0.01 | S59: 10 | T59: 11 | U59: -1 | V59: On Time | W59: Accepted | X59: Missing Invoice | Y59: Net 45 | Z59: Courier | AA59: Bollore Logistics | AB59: fob | AD59: 4.8 | AE59: Manual Excel Upload | AF59: Invoice issue
A60: PO-2026-00059 | B60: ORD-458565 | C60: 46150 | D60: 46162 | E60: 46169 | F60: SUP-012 | G60: Abidjan Chemical Supply | H60: CIV | I60: Kigali Assembly | J60: Industrial Supplies | K60: SKU-IND-690 | L60: Lubricant Drum | M60: 509.27 | N60: ZAR | O60: 750 | P60: 381952.5 | Q60: 56 | R60: 0.0747 | S60: 19 | T60: 12 | U60: 7 | V60: Severely Delayed | W60: QUALITY HOLD | X60: Pending | Y60: Advance | Z60: Air | AA60: Maersk | AB60: DDP | AC60: High defect rate | AD60: 1.3 | AE60: Email Invoice | AF60: Late delivery; Quality issue
A61: PO-2026-00060 | B61: ORD-969273 | C61: 27/03/2026 | D61: 46113 | E61: 46116 | G61: Sahara Packaging | H61: NGA | I61: Accra Hub | J61: Packaging | K61: SKU-PAC-844 | L61: Bottle Caps | M61: 693.41 | N61: NGN | O61: 75 | P61: 52005.75 | Q61: 1 | R61: 0.0133 | S61: 8 | T61: 5 | U61: 3 | V61: Delayed | W61: Accepted | X61: Disputed | Y61: Net 45 | Z61: Air | AA61: Kuehne+Nagel | AB61: fob | AD61: 3.7 | AE61: Warehouse Scan | AF61: Missing/invalid supplier ID; Late delivery; Invoice issue
A62: PO-2026-00061 | B62: ORD-643588 | C62: 46187 | D62: 46204 | E62: 46199 | F62: SUP-002 | G62: KENTECH COMPONENTS | H62: Kenya | I62: Dar es Salaam Port | J62: Electronics | K62: SKU-ELE-111 | L62: LED Driver | M62: 947.08 | N62: KES | O62: 1000 | P62: 0 | Q62: 0 | R62: 0 | S62: 12 | V62: on-time | W62: Accepted | X62: Missing Invoice | Y62: net30 | Z62: road | AA62: No carrier listed | AB62: fob | AD62: 4.1 | AE62: API Feed | AF62: Invoice issue
A63: PO-2026-00062 | B63: ORD-940008 | C63: 46135 | D63: 46144 | E63: 46158 | F63: SUP-011 | G63: KIGALI PRECISION TOOLS | H63: RWA | I63: Nairobi DC | J63: Raw Materials | K63: SKU-RAW-644 | L63: Input Granules | M63: 515.38 | N63: NGN | O63: 500 | P63: 257690 | Q63: 7 | R63: 0.014 | S63: 23 | T63: 9 | U63: 14 | V63: Very Late | W63: Accepted | X63: Missing Invoice | Y63: Net 45 | AA63: Maersk | AB63: FOB | AD63: 1.6 | AE63: API Feed | AF63: Late delivery; Invoice issue
A64: PO-2026-00063 | B64: ORD-696299 | C64: 46089 | D64: 46101 | E64: 46093 | F64: SUP-008 | G64: lagos plastics & resin | H64: nigeria | I64: Nairobi DC | J64: Packaging | K64: SKU-PAC-156 | L64: Plastic Film Roll | M64: 611.26 | N64: KES | O64: 2000 | P64: 1222520 | Q64: 64 | R64: 0.032 | S64: 4 | T64: 12 | U64: -8 | V64: Delivered Early | W64: Accepted | X64: matched | Y64: 50% Advance / 50% Delivery | Z64: SEA | AA64: Local Truck Partner | AB64: FOB | AD64: 2.2 | AE64: Email Invoice
A65: PO-2026-00064 | B65: ORD-967255 | C65: 46085 | D65: 46106 | E65: 27/03/2026 | F65: SUP-005 | G65: Cape Logistics Supplies | H65: S. Africa | I65: Lagos DC | J65: Metals | K65: SKU-MET-435 | L65: Copper Rod | M65: 2046.47 | N65: ZAR | O65: 750 | P65: 1534852.5 | Q65: 24 | R65: 0.032 | S65: 23 | T65: 21 | U65: 2 | V65: Delayed | W65: Accepted | X65: Disputed | Y65: 50% Advance / 50% Delivery | Z65: Road | AA65: GIG Logistics | AB65: EXW | AD65: 3.8 | AE65: Legacy CSV | AF65: Late delivery; Invoice issue
A66: PO-2026-00065 | B66: ORD-279301 | C66: 15/03/2026 | D66: 46105 | E66: 2026.03.14 | F66: SUP-008 | G66: Lagos Plastics & Resin | H66: Nigeria | I66: Kigali Assembly | J66: Packaging | K66: SKU-PAC-291 | L66: Shipping Carton | M66: 454.03 | N66: GHS | O66: 1500 | P66: 681045 | Q66: 35 | R66: 0.0233 | S66: -1 | T66: 9 | U66: -10 | V66: Invalid Lead Time | W66: Accepted | X66: PENDING | Y66: COD | Z66: Rail | AA66: Bollore Logistics | AB66: FOB | AD66: 3.6 | AE66: Manual Excel Upload
A67: PO-2026-00066 | B67: ORD-297242 | C67: 46071 | E67: 46081 | F67: SUP-001 | G67: PRIMESTEEL LTD | H67: NGA | I67: Abuja Plant | J67: Metals | K67: SKU-MET-860 | L67: Rebar Bundle | M67: 3062.64 | N67: NGN | O67: 300 | P67: 918792 | Q67: 15 | R67: 0.05 | S67: 10 | T67: 6 | U67: 4 | V67: Severely Delayed | W67: Partial Reject | X67: Matched | Y67: Net 30 | Z67: road | AA67: GIG Logistics | AB67: DDP | AC67: Wrong specification | AD67: 1.2 | AE67: API Feed | AF67: Late delivery; Quality issue
A68: PO-2026-00067 | B68: ORD-302215 | C68: 46137 | D68: 46155 | E68: 2026.05.09 | F68: SUP-012 | G68: abidjan chemical supply | H68: CI | I68: Dar es Salaam Port | J68: Raw Materials | K68: SKU-RAW-952 | L68: Chemical Additive | M68: 492.51 | N68: ZAR | O68: 200 | Q68: 8 | R68: 0.04 | S68: 14 | T68: 18 | U68: -4 | V68: On Time | W68: Accepted | X68: Missing Invoice | Y68: net30 | Z68: SEA | AA68: GIG Logistics | AB68: EXW | AE68: Email Invoice | AF68: Invoice issue
A69: PO-2026-00068 | B69: ORD-128886 | C69: 46090 | D69: 23-Mar-2026 | E69: 46118 | F69: SUP-007 | G69: DAR MACHINERY PARTS | H69: TZ | I69: Nairobi DC | J69: Electronics | K69: SKU-ELE-106 | L69: LED Driver | M69: 1944.57 | N69: USD | O69: 750 | P69: 1458427.5 | Q69: 62 | R69: 0.0827 | S69: 28 | T69: 14 | U69: 14 | V69: Very Late | W69: QUALITY HOLD | X69: Disputed | Y69: Advance | Z69: Rail | AA69: Bollore Logistics | AC69: Late + defective | AD69: 3.2 | AE69: Legacy CSV | AF69: Late delivery; Quality issue; Invoice issue
A70: PO-2026-00069 | B70: ORD-655280 | C70: unknown | D70: 46167 | E70: 46173 | F70: SUP-015 | G70: KAMPALA PACKAGING HUB | H70: UGA | I70: Abuja Plant | J70: Textiles | K70: SKU-TEX-145 | L70: Uniform Material | M70: 654.76 | N70: KES | O70: 75 | P70: 49107 | Q70: 0 | R70: 0 | S70: 11 | T70: 5 | U70: 6 | V70: LATE | W70: Accepted | X70: Matched | Y70: COD | Z70: Rail | AA70: Bollore Logistics | AB70: FOB | AD70: 2.4 | AE70: Manual Excel Upload | AF70: Late delivery
A71: PO-2026-00070 | B71: ORD-862526 | C71: 04-04-2026 | D71: 46135 | E71: 26/04/2026 | F71: SUP-005 | G71: Cape Logistics Supplies | H71: ZAF | I71: Port Harcourt Warehouse | J71: Metals | K71: SKU-MET-661 | L71: Copper Rod | M71: 1111.14 | N71: NGN | O71: 150 | P71: 166671 | Q71: 8 | R71: 0.0533 | S71: 22 | T71: 19 | U71: 3 | V71: Delayed | W71: Hold | X71: Pending | Y71: COD | Z71: SEA | AA71: Bollore Logistics | AB71: EXW | AC71: Missing certificate | AD71: 2.1 | AE71: Email Invoice | AF71: Late delivery; Quality issue
A72: PO-2026-00071 | B72: ORD-905279 | C72: 46120 | D72: 46127 | E72: 46129 | F72: SUP-001 | G72: PRIMESTEEL LTD | H72: NG | I72: Lagos DC | J72: Industrial Supplies | K72: SKU-IND-126 | L72: Safety Gloves | M72: 566.91 | N72: EGP | O72: 1000 | P72: 566910 | Q72: 13 | R72: 0.013 | S72: 9 | T72: 7 | U72: 2 | V72: late | W72: Accepted | X72: Matched | Y72: COD | Z72: SEA | AA72: GIG Logistics | AB72: EXW | AD72: 4.7 | AE72: Warehouse Scan | AF72: Late delivery
A73: PO-2026-00072 | B73: ORD-173077 | C73: 02-21-2026 | D73: 46088 | E73: 46094 | G73: Kigali Precision Tools | H73: Rwanda | I73: Cape Town Plant | J73: Raw Materials | K73: SKU-RAW-315 | L73: Agro Binder | M73: 220.12 | N73: USD | O73: 200 | P73: 0 | Q73: 0 | R73: 0 | S73: 20 | T73: 14 | U73: 6 | V73: Very Late | W73: Accepted | X73: Matched | Y73: Advance | Z73: Rail | AA73: GIG Logistics | AB73: DAP | AD73: 2.6 | AE73: Legacy CSV | AF73: Missing/invalid supplier ID; Late delivery
A74: PO-2026-00073 | B74: ORD-119658 | C74: 46074 | D74: 46081 | E74: 46083 | F74: SUP-008 | G74: Lagos Plastics & Resin | H74: NG | I74: Abuja Plant | J74: Metals | K74: SKU-MET-182 | L74: Rebar Bundle | M74: 926.37 | N74: GHS | O74: 750 | P74: 694777.5 | Q74: 11 | R74: 0.0147 | S74: 9 | T74: 7 | U74: 2 | V74: Delayed | W74: Accepted | X74: Matched | Y74: COD | AA74: Kuehne+Nagel | AB74: DAP | AD74: 3.8 | AE74: Legacy CSV | AF74: Late delivery
A75: PO-2026-00074 | B75: ORD-696495 | C75: 46189 | D75: 46200 | E75: 46208 | F75: SUP-00X | G75: Nile Textiles Co. | H75: Egypt | I75: Lagos DC | J75: Textiles | K75: SKU-TEX-541 | L75: Polyester Roll | M75: 50.87 | N75: ZAR | O75: 200 | P75: 10174 | Q75: 14 | R75: 0.07 | S75: 19 | T75: 11 | U75: 8 | V75: Severely Delayed | W75: QUALITY HOLD | X75: Matched | Y75: Net 30 | Z75: SEA | AA75: GIG Logistics | AB75: FOB | AC75: Wrong specification | AD75: 2 | AE75: Manual Excel Upload | AF75: Missing/invalid supplier ID; Late delivery; Quality issue
A76: PO-2026-00075 | B76: ORD-796722 | C76: 46026 | D76: 46045 | E76: 46050 | F76: SUP-004 | G76: Nile Textiles Co. | H76: EGY | I76: Accra Hub | J76: Textiles | K76: SKU-TEX-356 | L76: Polyester Roll | M76: 762.04 | N76: NGN | O76: 75 | P76: 57153 | Q76: 4 | R76: 0.0533 | S76: 24 | T76: 19 | U76: 5 | V76: Very Late | W76: QUALITY HOLD | X76: Missing Invoice | Y76: 50% Advance / 50% Delivery | AA76: Bollore Logistics | AB76: DAP | AC76: Wrong specification | AD76: 1.2 | AE76: Warehouse Scan | AF76: Late delivery; Quality issue; Invoice issue
